抽せん日,回別,本数字,ボーナス数字,口数,購入金額,当せん金額,収支,最高等級,最高本数字一致数,当せん口数,予測1,予測1_戦略,予測1_本数字一致,予測1_ボーナス一致,予測1_等級,予測1_当せん金額,予測2,予測2_戦略,予測2_本数字一致,予測2_ボーナス一致,予測2_等級,予測2_当せん金額,予測3,予測3_戦略,予測3_本数字一致,予測3_ボーナス一致,予測3_等級,予測3_当せん金額,予測4,予測4_戦略,予測4_本数字一致,予測4_ボーナス一致,予測4_等級,予測4_当せん金額,予測5,予測5_戦略,予測5_本数字一致,予測5_ボーナス一致,予測5_等級,予測5_当せん金額,予測6,予測6_戦略,予測6_本数字一致,予測6_ボーナス一致,予測6_等級,予測6_当せん金額,予測7,予測7_戦略,予測7_本数字一致,予測7_ボーナス一致,予測7_等級,予測7_当せん金額,予測8,予測8_戦略,予測8_本数字一致,予測8_ボーナス一致,予測8_等級,予測8_当せん金額,予測9,予測9_戦略,予測9_本数字一致,予測9_ボーナス一致,予測9_等級,予測9_当せん金額,予測10,予測10_戦略,予測10_本数字一致,予測10_ボーナス一致,予測10_等級,予測10_当せん金額
2013-04-12,2,"20, 24, 29, 31, 33, 34, 35","12, 32",10,3000,0,-3000,ハズレ,2,0,"07, 10, 12, 17, 23, 28, 34",DIFFUSION,1,1,ハズレ,0,"05, 10, 12, 17, 23, 28, 34",DIFFUSION,1,1,ハズレ,0,"07, 10, 12, 17, 23, 28, 31",DIFFUSION,1,1,ハズレ,0,"07, 10, 12, 17, 23, 29, 34",DIFFUSION,2,1,ハズレ,0,"07, 10, 12, 17, 23, 28, 33",MULTI_AGENT_PPO,1,1,ハズレ,0,"07, 10, 17, 22, 23, 28, 34",MULTI_AGENT_PPO,1,0,ハズレ,0,"07, 10, 17, 23, 28, 31, 34",MULTI_AGENT_PPO,2,0,ハズレ,0,"03, 07, 12, 17, 23, 28, 34",DIFFUSION,1,1,ハズレ,0,"03, 10, 12, 17, 23, 28, 34",MCTS,1,1,ハズレ,0,"07, 10, 15, 17, 23, 28, 34",MCTS,1,0,ハズレ,0
2013-04-19,3,"02, 07, 08, 11, 14, 23, 31","05, 15",10,3000,0,-3000,ハズレ,2,0,"07, 10, 12, 17, 23, 28, 34",MCTS,2,0,ハズレ,0,"07, 10, 12, 17, 23, 29, 34",MCTS,2,0,ハズレ,0,"07, 10, 12, 17, 23, 33, 34",MCTS,2,0,ハズレ,0,"07, 12, 17, 23, 24, 28, 34",MCTS,2,0,ハズレ,0,"07, 12, 17, 23, 28, 33, 34",MCTS,2,0,ハズレ,0,"10, 12, 17, 23, 28, 33, 34",MCTS,1,0,ハズレ,0,"10, 12, 17, 23, 28, 34, 35",MCTS,1,0,ハズレ,0,"07, 12, 17, 20, 23, 28, 34",GRADE3,2,0,ハズレ,0,"07, 10, 17, 23, 24, 28, 34",MCTS,2,0,ハズレ,0,"07, 10, 17, 23, 28, 29, 34",MCTS,2,0,ハズレ,0
2013-04-26,4,"12, 13, 22, 23, 24, 28, 29","02, 14",10,3000,1000,-2000,6等,3,1,"07, 10, 12, 23, 28, 31, 34",DIFFUSION,3,0,ハズレ,0,"02, 07, 10, 14, 23, 31, 34",DIFFUSION,1,2,ハズレ,0,"02, 07, 14, 23, 31, 33, 34",MULTI_AGENT_PPO,1,2,ハズレ,0,"07, 20, 23, 24, 31, 33, 34",MCTS,2,0,ハズレ,0,"07, 20, 23, 24, 29, 31, 34",GRADE3,3,0,ハズレ,0,"07, 08, 12, 14, 23, 28, 31",DIFFUSION,3,1,6等,1000,"02, 07, 23, 24, 31, 33, 34",MCTS,2,1,ハズレ,0,"07, 12, 23, 24, 31, 33, 34",MCTS,3,0,ハズレ,0,"07, 20, 23, 29, 31, 33, 34",MCTS,2,0,ハズレ,0,"07, 12, 20, 23, 24, 31, 34",GRADE3,3,0,ハズレ,0
2013-05-03,5,"01, 03, 04, 05, 16, 21, 28","22, 31",10,3000,0,-3000,ハズレ,1,0,"07, 12, 23, 24, 28, 29, 34",MCTS,1,0,ハズレ,0,"07, 12, 23, 24, 28, 31, 34",MCTS,1,1,ハズレ,0,"07, 12, 23, 24, 28, 29, 31",GRADE3,1,1,ハズレ,0,"12, 23, 24, 28, 29, 31, 34",MCTS,1,1,ハズレ,0,"07, 12, 23, 24, 29, 31, 34",MCTS,0,1,ハズレ,0,"07, 12, 23, 28, 29, 31, 34",GRADE3,1,1,ハズレ,0,"07, 23, 24, 28, 29, 31, 34",MCTS,1,1,ハズレ,0,"07, 12, 14, 23, 24, 28, 34",MCTS,1,0,ハズレ,0,"08, 12, 23, 24, 28, 29, 34",MCTS,1,0,ハズレ,0,"12, 14, 23, 24, 28, 29, 34",MCTS,1,0,ハズレ,0
2013-05-10,6,"05, 15, 19, 23, 30, 34, 35","06, 25",10,3000,0,-3000,ハズレ,2,0,"07, 12, 23, 24, 28, 29, 34",MONTECARLO,2,0,ハズレ,0,"07, 12, 23, 24, 28, 29, 31",GRADE3,1,0,ハズレ,0,"07, 12, 23, 24, 28, 31, 34",GRADE3,2,0,ハズレ,0,"12, 23, 24, 28, 29, 31, 34",GRADE3,2,0,ハズレ,0,"07, 12, 23, 28, 29, 31, 34",GRADE3,2,0,ハズレ,0,"07, 12, 14, 23, 24, 28, 29",MCTS,1,0,ハズレ,0,"07, 23, 24, 28, 29, 31, 34",MCTS,2,0,ハズレ,0,"07, 12, 23, 24, 29, 31, 34",GRADE3,2,0,ハズレ,0,"07, 13, 23, 24, 28, 29, 34",MCTS,2,0,ハズレ,0,"07, 22, 23, 24, 28, 29, 34",MCTS,2,0,ハズレ,0
2013-05-17,7,"01, 03, 05, 07, 27, 29, 33","06, 15",10,3000,0,-3000,ハズレ,3,0,"05, 12, 23, 24, 28, 29, 34",MCTS,2,0,ハズレ,0,"12, 23, 24, 28, 29, 31, 34",GRADE3,1,0,ハズレ,0,"05, 12, 23, 24, 28, 34, 35",MCTS,1,0,ハズレ,0,"05, 07, 12, 23, 24, 28, 29",DIFFUSION,3,0,ハズレ,0,"05, 12, 23, 24, 28, 31, 34",MCTS,1,0,ハズレ,0,"05, 12, 22, 23, 24, 28, 34",MCTS,1,0,ハズレ,0,"05, 12, 23, 24, 28, 29, 31",MCTS,2,0,ハズレ,0,"05, 12, 23, 28, 29, 31, 34",MCTS,2,0,ハズレ,0,"05, 12, 23, 28, 31, 34, 35",MCTS,1,0,ハズレ,0,"05, 23, 24, 28, 29, 31, 34",GRADE3,2,0,ハズレ,0
2013-05-24,8,"02, 21, 28, 29, 30, 32, 36","06, 08",10,3000,0,-3000,ハズレ,2,0,"05, 12, 23, 24, 28, 29, 34",MCTS,2,0,ハズレ,0,"03, 05, 07, 23, 28, 29, 34",MCTS,2,0,ハズレ,0,"01, 05, 07, 23, 28, 29, 34",GRADE3,2,0,ハズレ,0,"01, 03, 05, 07, 23, 28, 29",GRADE3,2,0,ハズレ,0,"03, 05, 23, 24, 28, 29, 34",MCTS,2,0,ハズレ,0,"01, 03, 05, 23, 28, 29, 34",GRADE3,2,0,ハズレ,0,"01, 03, 05, 07, 23, 28, 34",GRADE3,1,0,ハズレ,0,"05, 12, 23, 24, 28, 34, 35",MCTS,1,0,ハズレ,0,"03, 05, 07, 23, 28, 34, 35",MULTI_AGENT_PPO,1,0,ハズレ,0,"01, 03, 05, 07, 23, 29, 34",GRADE3,1,0,ハズレ,0
2013-05-31,9,"03, 04, 15, 23, 27, 30, 36","13, 35",10,3000,0,-3000,ハズレ,3,0,"03, 05, 07, 23, 28, 29, 34",MCTS,2,0,ハズレ,0,"01, 05, 07, 23, 28, 29, 34",MCTS,1,0,ハズレ,0,"05, 07, 23, 28, 29, 30, 34",MCTS,2,0,ハズレ,0,"07, 12, 23, 28, 29, 33, 34",DIFFUSION,1,0,ハズレ,0,"05, 07, 23, 28, 29, 33, 34",MCTS,1,0,ハズレ,0,"02, 05, 07, 23, 28, 29, 34",MCTS,1,0,ハズレ,0,"01, 03, 05, 23, 28, 29, 34",MCTS,2,0,ハズレ,0,"03, 05, 23, 28, 29, 30, 34",GRADE3,3,0,ハズレ,0,"03, 05, 07, 23, 28, 29, 30",GRADE3,3,0,ハズレ,0,"01, 05, 07, 23, 28, 29, 30",MCTS,2,0,ハズレ,0
2013-06-07,10,"01, 02, 03, 06, 24, 28, 30","16, 20",10,3000,0,-3000,ハズレ,3,0,"03, 05, 21, 23, 28, 29, 30",MCTS,3,0,ハズレ,0,"03, 05, 23, 28, 29, 30, 36",MCTS,3,0,ハズレ,0,"03, 05, 07, 23, 28, 29, 30",MCTS,3,0,ハズレ,0,"03, 05, 23, 28, 29, 30, 34",MCTS,3,0,ハズレ,0,"05, 07, 23, 28, 29, 30, 34",DIFFUSION,2,0,ハズレ,0,"03, 05, 07, 23, 28, 29, 34",GRADE3,2,0,ハズレ,0,"03, 07, 23, 28, 29, 30, 36",MCTS,3,0,ハズレ,0,"03, 05, 07, 23, 28, 30, 34",GRADE3,3,0,ハズレ,0,"03, 05, 21, 23, 28, 29, 36",MONTECARLO,2,0,ハズレ,0,"03, 07, 23, 28, 29, 30, 34",GRADE3,3,0,ハズレ,0
2013-06-14,11,"09, 15, 26, 29, 32, 34, 36","14, 35",10,3000,0,-3000,ハズレ,2,0,"02, 03, 23, 24, 28, 29, 30",MCTS,1,0,ハズレ,0,"01, 02, 03, 23, 28, 29, 30",GRADE3,1,0,ハズレ,0,"01, 03, 05, 23, 28, 29, 30",MCTS,1,0,ハズレ,0,"03, 04, 15, 23, 28, 30, 36",MONTECARLO,2,0,ハズレ,0,"03, 05, 23, 24, 28, 29, 30",MCTS,1,0,ハズレ,0,"02, 03, 05, 23, 28, 29, 30",MCTS,1,0,ハズレ,0,"02, 03, 05, 23, 24, 28, 30",MCTS,0,0,ハズレ,0,"01, 02, 03, 05, 28, 29, 30",GRADE3,1,0,ハズレ,0,"03, 07, 23, 24, 28, 29, 30",MCTS,1,0,ハズレ,0,"01, 02, 03, 05, 23, 28, 30",GRADE3,0,0,ハズレ,0
2013-06-21,12,"11, 12, 14, 19, 26, 27, 33","24, 32",10,3000,0,-3000,ハズレ,0,0,"02, 03, 23, 28, 29, 30, 36",MCTS,0,0,ハズレ,0,"03, 15, 23, 28, 29, 30, 36",MCTS,0,0,ハズレ,0,"02, 03, 15, 23, 28, 29, 30",MCTS,0,0,ハズレ,0,"03, 15, 23, 29, 30, 34, 36",GRADE3,0,0,ハズレ,0,"03, 15, 23, 28, 30, 34, 36",GRADE3,0,0,ハズレ,0,"02, 03, 15, 28, 29, 30, 36",MCTS,0,0,ハズレ,0,"03, 15, 23, 28, 29, 30, 34",MCTS,0,0,ハズレ,0,"03, 23, 24, 28, 29, 30, 36",MCTS,0,1,ハズレ,0,"15, 23, 28, 29, 30, 34, 36",GRADE3,0,0,ハズレ,0,"02, 03, 23, 28, 29, 30, 34",MCTS,0,0,ハズレ,0
2013-06-28,13,"06, 10, 16, 21, 27, 28, 35","15, 34",10,3000,0,-3000,ハズレ,2,0,"02, 03, 23, 24, 28, 29, 30",MCTS,1,0,ハズレ,0,"03, 15, 23, 29, 30, 34, 36",GRADE3,0,2,ハズレ,0,"01, 03, 05, 15, 23, 28, 30",DIFFUSION,1,1,ハズレ,0,"01, 02, 05, 28, 29, 34, 36",MONTECARLO,1,1,ハズレ,0,"01, 02, 21, 26, 27, 34, 36",MONTECARLO,2,1,ハズレ,0,"07, 09, 12, 19, 24, 26, 33",DIFFUSION,0,0,ハズレ,0,"08, 12, 14, 17, 33, 35, 37",MULTI_AGENT_PPO,1,0,ハズレ,0,"09, 14, 19, 20, 21, 26, 35",DIFFUSION,2,0,ハズレ,0,"07, 08, 16, 18, 24, 25, 35",MULTI_AGENT_PPO,2,0,ハズレ,0,"06, 07, 13, 17, 19, 20, 21",MULTI_AGENT_PPO,2,0,ハズレ,0
2013-07-05,14,"04, 07, 08, 09, 24, 28, 30","34, 36",10,3000,1000,-2000,6等,3,1,"03, 15, 23, 27, 28, 30, 34",GRADE3,2,1,ハズレ,0,"01, 02, 03, 23, 28, 30, 36",MONTECARLO,2,1,ハズレ,0,"03, 16, 21, 23, 28, 29, 30",MONTECARLO,2,0,ハズレ,0,"01, 02, 21, 26, 27, 29, 33",MONTECARLO,0,0,ハズレ,0,"01, 02, 21, 27, 32, 35, 36",MONTECARLO,0,1,ハズレ,0,"07, 08, 12, 19, 24, 26, 34",MULTI_AGENT_PPO,3,1,6等,1000,"07, 10, 12, 13, 16, 29, 31",MULTI_AGENT_PPO,1,0,ハズレ,0,"04, 08, 11, 12, 15, 17, 19",MULTI_AGENT_PPO,2,0,ハズレ,0,"04, 08, 10, 18, 24, 35, 37",MULTI_AGENT_PPO,3,0,ハズレ,0,"10, 13, 17, 18, 20, 24, 37",MULTI_AGENT_PPO,1,0,ハズレ,0
2013-07-12,15,"02, 10, 14, 17, 23, 25, 35","08, 29",10,3000,0,-3000,ハズレ,1,0,"03, 07, 23, 24, 28, 29, 30",MCTS,1,1,ハズレ,0,"01, 03, 07, 24, 27, 28, 30",MONTECARLO,0,0,ハズレ,0,"03, 21, 23, 24, 28, 29, 30",MCTS,1,1,ハズレ,0,"03, 23, 24, 28, 29, 30, 34",MCTS,1,1,ハズレ,0,"03, 23, 24, 27, 28, 29, 30",MCTS,1,1,ハズレ,0,"03, 15, 21, 23, 28, 30, 36",MONTECARLO,1,0,ハズレ,0,"03, 23, 24, 27, 28, 30, 34",GRADE3,1,0,ハズレ,0,"07, 23, 24, 27, 28, 29, 30",MCTS,1,1,ハズレ,0,"03, 07, 23, 27, 28, 29, 30",MCTS,1,1,ハズレ,0,"03, 21, 23, 24, 28, 30, 34",MCTS,1,0,ハズレ,0
2013-07-19,16,"05, 06, 09, 13, 16, 21, 23","08, 34",10,3000,0,-3000,ハズレ,1,0,"03, 07, 23, 24, 28, 29, 30",MCTS,1,0,ハズレ,0,"03, 07, 23, 24, 27, 28, 30",MCTS,1,0,ハズレ,0,"01, 02, 07, 24, 28, 29, 30",MONTECARLO,0,0,ハズレ,0,"03, 15, 23, 24, 28, 29, 30",MCTS,1,0,ハズレ,0,"02, 03, 23, 27, 28, 30, 35",GRADE3,1,0,ハズレ,0,"03, 23, 24, 28, 29, 30, 35",MCTS,1,0,ハズレ,0,"01, 03, 12, 23, 24, 28, 30",MONTECARLO,1,0,ハズレ,0,"03, 23, 24, 27, 28, 30, 35",MCTS,1,0,ハズレ,0,"02, 03, 23, 28, 29, 30, 35",GRADE3,1,0,ハズレ,0,"03, 23, 24, 27, 28, 29, 30",MCTS,1,0,ハズレ,0
2013-07-26,17,"02, 03, 05, 22, 34, 36, 37","07, 15",10,3000,0,-3000,ハズレ,2,0,"02, 05, 06, 16, 21, 23, 28",MONTECARLO,2,0,ハズレ,0,"01, 06, 16, 21, 23, 28, 30",MONTECARLO,0,0,ハズレ,0,"02, 21, 23, 24, 28, 30, 35",MCTS,1,0,ハズレ,0,"02, 23, 24, 28, 29, 30, 35",MCTS,1,0,ハズレ,0,"02, 21, 23, 28, 29, 30, 35",GRADE3,1,0,ハズレ,0,"02, 23, 24, 28, 29, 30, 36",MCTS,2,0,ハズレ,0,"02, 03, 21, 24, 27, 28, 30",MONTECARLO,2,0,ハズレ,0,"02, 21, 23, 27, 28, 30, 35",GRADE3,1,0,ハズレ,0,"02, 23, 24, 28, 29, 30, 34",MCTS,2,0,ハズレ,0,"02, 21, 23, 28, 29, 30, 34",MCTS,2,0,ハズレ,0
2013-08-02,18,"12, 17, 21, 24, 29, 31, 36","20, 26",10,3000,0,-3000,ハズレ,2,0,"02, 03, 05, 23, 24, 28, 30",MCTS,1,0,ハズレ,0,"02, 03, 05, 21, 23, 28, 30",MCTS,1,0,ハズレ,0,"02, 03, 05, 23, 28, 30, 34",MCTS,0,0,ハズレ,0,"02, 03, 23, 24, 28, 29, 30",MCTS,2,0,ハズレ,0,"02, 03, 23, 24, 28, 30, 34",MCTS,1,0,ハズレ,0,"02, 03, 05, 23, 28, 29, 30",MCTS,1,0,ハズレ,0,"03, 05, 23, 24, 28, 30, 34",MCTS,1,0,ハズレ,0,"02, 03, 05, 23, 27, 28, 30",MCTS,0,0,ハズレ,0,"02, 05, 23, 24, 28, 29, 30",MCTS,2,0,ハズレ,0,"02, 05, 23, 24, 28, 30, 34",MCTS,1,0,ハズレ,0
2013-08-09,19,"02, 14, 19, 20, 21, 22, 31","01, 15",10,3000,0,-3000,ハズレ,2,0,"02, 21, 24, 28, 29, 30, 36",MCTS,2,0,ハズレ,0,"02, 03, 21, 28, 29, 30, 36",MONTECARLO,2,0,ハズレ,0,"02, 21, 23, 28, 29, 30, 36",MCTS,2,0,ハズレ,0,"02, 21, 23, 24, 28, 29, 36",MCTS,2,0,ハズレ,0,"02, 03, 21, 23, 28, 29, 36",MCTS,2,0,ハズレ,0,"02, 05, 21, 23, 28, 29, 36",MCTS,2,0,ハズレ,0,"02, 05, 21, 23, 28, 30, 36",GRADE3,2,0,ハズレ,0,"02, 05, 21, 28, 29, 30, 36",GRADE3,2,0,ハズレ,0,"21, 23, 24, 28, 29, 30, 36",MCTS,1,0,ハズレ,0,"02, 03, 21, 23, 28, 29, 30",MCTS,2,0,ハズレ,0
2013-08-16,20,"02, 05, 13, 20, 21, 23, 28","11, 22",10,3000,28000,25000,4等,5,9,"02, 21, 24, 28, 29, 30, 36",MCTS,3,0,ハズレ,0,"02, 21, 23, 28, 29, 30, 36",MCTS,4,0,5等,1400,"02, 21, 23, 24, 28, 29, 36",MCTS,4,0,5等,1400,"02, 03, 21, 23, 28, 29, 36",MCTS,4,0,5等,1400,"02, 03, 05, 21, 28, 29, 36",GRADE3,4,0,5等,1400,"02, 05, 21, 23, 28, 29, 36",MCTS,5,0,4等,9100,"02, 03, 05, 21, 23, 28, 36",GRADE3,5,0,4等,9100,"02, 21, 23, 24, 28, 30, 36",MCTS,4,0,5等,1400,"02, 03, 21, 23, 24, 28, 36",MCTS,4,0,5等,1400,"02, 14, 21, 23, 28, 29, 36",MCTS,4,0,5等,1400
2013-08-23,21,"01, 09, 13, 15, 25, 30, 33","19, 28",10,3000,0,-3000,ハズレ,1,0,"02, 05, 21, 23, 28, 29, 36",MCTS,0,1,ハズレ,0,"02, 03, 05, 21, 23, 28, 36",DIFFUSION,0,1,ハズレ,0,"02, 05, 21, 23, 28, 30, 36",MCTS,1,1,ハズレ,0,"02, 05, 21, 23, 28, 29, 30",MCTS,1,1,ハズレ,0,"02, 05, 21, 23, 28, 34, 36",MCTS,0,1,ハズレ,0,"02, 05, 21, 23, 24, 28, 29",GRADE3,0,1,ハズレ,0,"02, 05, 21, 23, 24, 28, 36",MCTS,0,1,ハズレ,0,"02, 03, 05, 21, 23, 28, 29",MCTS,0,1,ハズレ,0,"02, 05, 21, 23, 28, 29, 34",MCTS,0,1,ハズレ,0,"02, 21, 23, 24, 28, 29, 36",GRADE3,0,1,ハズレ,0
2013-08-30,22,"02, 04, 08, 09, 15, 23, 25","03, 10",10,3000,0,-3000,ハズレ,2,0,"02, 05, 13, 21, 23, 28, 36",MCTS,2,0,ハズレ,0,"02, 05, 21, 23, 28, 30, 36",MCTS,2,0,ハズレ,0,"02, 05, 21, 23, 28, 29, 36",GRADE3,2,0,ハズレ,0,"02, 05, 21, 23, 28, 29, 30",MCTS,2,0,ハズレ,0,"02, 03, 05, 21, 23, 28, 36",MCTS,2,1,ハズレ,0,"02, 05, 21, 23, 24, 28, 30",MCTS,2,0,ハズレ,0,"02, 03, 21, 23, 28, 30, 36",MCTS,2,1,ハズレ,0,"02, 05, 21, 23, 28, 34, 36",MCTS,2,0,ハズレ,0,"02, 21, 23, 28, 29, 30, 36",MCTS,2,0,ハズレ,0,"02, 05, 21, 28, 29, 30, 36",GRADE3,1,0,ハズレ,0
2013-09-06,23,"04, 08, 11, 25, 28, 29, 30","14, 32",10,3000,0,-3000,ハズレ,3,0,"02, 05, 09, 13, 21, 23, 28",MCTS,1,0,ハズレ,0,"02, 05, 13, 21, 23, 28, 30",MCTS,2,0,ハズレ,0,"02, 05, 13, 21, 23, 28, 36",MCTS,1,0,ハズレ,0,"02, 03, 05, 13, 21, 23, 28",MCTS,1,0,ハズレ,0,"02, 05, 09, 21, 23, 28, 30",MCTS,2,0,ハズレ,0,"02, 05, 13, 15, 21, 23, 28",MCTS,1,0,ハズレ,0,"02, 05, 15, 21, 23, 28, 30",GRADE3,2,0,ハズレ,0,"02, 05, 21, 23, 28, 29, 30",MCTS,3,0,ハズレ,0,"02, 05, 09, 15, 21, 23, 28",GRADE3,1,0,ハズレ,0,"02, 05, 09, 21, 23, 28, 29",MCTS,2,0,ハズレ,0
2013-09-13,24,"04, 05, 08, 10, 16, 19, 33","02, 29",10,3000,0,-3000,ハズレ,1,0,"02, 05, 21, 23, 28, 29, 30",MCTS,1,2,ハズレ,0,"02, 05, 09, 21, 23, 28, 30",MCTS,1,1,ハズレ,0,"02, 04, 21, 23, 28, 29, 30",MCTS,1,2,ハズレ,0,"02, 05, 15, 21, 23, 28, 30",MCTS,1,1,ハズレ,0,"02, 21, 23, 28, 29, 30, 36",MCTS,0,2,ハズレ,0,"02, 09, 21, 23, 28, 29, 30",MCTS,0,2,ハズレ,0,"02, 09, 15, 21, 23, 28, 30",MCTS,0,1,ハズレ,0,"02, 21, 23, 25, 28, 29, 30",MCTS,0,2,ハズレ,0,"02, 05, 09, 21, 23, 28, 29",GRADE3,1,2,ハズレ,0,"02, 15, 21, 23, 28, 29, 30",MCTS,0,2,ハズレ,0
2013-09-20,25,"01, 06, 11, 16, 17, 18, 21","10, 24",10,3000,0,-3000,ハズレ,1,0,"02, 04, 05, 13, 21, 23, 28",MCTS,1,0,ハズレ,0,"02, 04, 05, 21, 23, 28, 30",GRADE3,1,0,ハズレ,0,"02, 05, 21, 23, 28, 29, 30",GRADE3,1,0,ハズレ,0,"02, 04, 05, 21, 23, 28, 29",MCTS,1,0,ハズレ,0,"02, 04, 21, 23, 28, 29, 30",GRADE3,1,0,ハズレ,0,"02, 04, 05, 09, 21, 23, 28",MCTS,1,0,ハズレ,0,"02, 04, 05, 21, 23, 28, 36",MCTS,1,0,ハズレ,0,"02, 05, 09, 21, 23, 28, 29",MCTS,1,0,ハズレ,0,"04, 05, 21, 23, 28, 29, 30",GRADE3,1,0,ハズレ,0,"02, 04, 05, 21, 28, 29, 30",GRADE3,1,0,ハズレ,0
2013-09-27,26,"11, 13, 16, 18, 26, 31, 36","21, 27",10,3000,0,-3000,ハズレ,0,0,"02, 04, 05, 21, 23, 28, 30",MCTS,0,1,ハズレ,0,"02, 05, 21, 23, 28, 29, 30",MCTS,0,1,ハズレ,0,"02, 04, 21, 23, 28, 29, 30",MCTS,0,1,ハズレ,0,"02, 04, 05, 21, 23, 28, 29",MCTS,0,1,ハズレ,0,"02, 04, 05, 08, 21, 23, 28",MCTS,0,1,ハズレ,0,"02, 04, 05, 21, 23, 25, 28",MCTS,0,1,ハズレ,0,"02, 04, 05, 09, 21, 23, 28",MCTS,0,1,ハズレ,0,"04, 05, 21, 23, 28, 29, 30",GRADE3,0,1,ハズレ,0,"02, 04, 05, 21, 28, 29, 30",GRADE3,0,1,ハズレ,0,"02, 04, 09, 21, 23, 28, 29",MCTS,0,1,ハズレ,0
2013-10-04,27,"01, 10, 11, 14, 17, 18, 28","25, 26",10,3000,0,-3000,ハズレ,2,0,"02, 05, 13, 16, 21, 23, 28",MCTS,1,0,ハズレ,0,"02, 05, 13, 21, 23, 28, 30",MCTS,1,0,ハズレ,0,"02, 04, 05, 16, 21, 23, 28",GRADE3,1,0,ハズレ,0,"02, 05, 16, 21, 23, 28, 30",MCTS,1,0,ハズレ,0,"02, 04, 05, 21, 23, 28, 30",MCTS,1,0,ハズレ,0,"02, 05, 21, 23, 28, 30, 36",MCTS,1,0,ハズレ,0,"04, 05, 16, 21, 23, 28, 30",GRADE3,1,0,ハズレ,0,"02, 05, 11, 16, 21, 23, 28",MCTS,2,0,ハズレ,0,"02, 05, 21, 23, 28, 29, 30",MCTS,1,0,ハズレ,0,"02, 05, 13, 16, 21, 28, 30",MCTS,1,0,ハズレ,0
2013-10-11,28,"06, 07, 12, 15, 19, 35, 37","01, 11",10,3000,0,-3000,ハズレ,2,0,"02, 04, 05, 16, 21, 23, 28",MCTS,0,0,ハズレ,0,"01, 02, 04, 21, 25, 28, 30",MONTECARLO,0,1,ハズレ,0,"01, 05, 09, 21, 23, 28, 30",MONTECARLO,0,1,ハズレ,0,"04, 05, 08, 15, 23, 25, 30",MONTECARLO,1,0,ハズレ,0,"01, 03, 11, 13, 16, 22, 36",DIFFUSION,0,2,ハズレ,0,"11, 12, 14, 16, 17, 18, 24",DIFFUSION,1,1,ハズレ,0,"02, 06, 08, 09, 13, 15, 29",MONTECARLO,2,0,ハズレ,0,"08, 10, 11, 18, 29, 33, 37",MULTI_AGENT_PPO,1,1,ハズレ,0,"07, 14, 15, 22, 25, 31, 36",DIFFUSION,2,0,ハズレ,0,"09, 17, 27, 29, 34, 35, 37",MULTI_AGENT_PPO,2,0,ハズレ,0
2013-10-18,29,"02, 03, 16, 17, 24, 26, 28","15, 31",10,3000,0,-3000,ハズレ,3,0,"02, 05, 16, 21, 23, 28, 30",MCTS,3,0,ハズレ,0,"01, 02, 05, 16, 21, 23, 28",MCTS,3,0,ハズレ,0,"02, 05, 11, 16, 21, 23, 28",MCTS,3,0,ハズレ,0,"02, 05, 11, 21, 23, 28, 30",MCTS,2,0,ハズレ,0,"01, 02, 05, 21, 23, 28, 30",MCTS,2,0,ハズレ,0,"01, 05, 11, 16, 21, 23, 28",GRADE3,2,0,ハズレ,0,"01, 02, 11, 16, 21, 23, 28",MCTS,3,0,ハズレ,0,"01, 04, 06, 11, 16, 21, 28",MONTECARLO,2,0,ハズレ,0,"01, 02, 05, 11, 16, 21, 28",GRADE3,3,0,ハズレ,0,"01, 02, 05, 11, 21, 23, 28",MCTS,2,0,ハズレ,0
2013-10-25,30,"06, 08, 13, 22, 26, 32, 36","16, 34",10,3000,0,-3000,ハズレ,0,0,"01, 02, 11, 16, 17, 21, 28",MCTS,0,1,ハズレ,0,"02, 05, 16, 17, 21, 23, 28",GRADE3,0,1,ハズレ,0,"02, 11, 16, 17, 21, 23, 28",MCTS,0,1,ハズレ,0,"02, 05, 11, 16, 21, 23, 28",MCTS,0,1,ハズレ,0,"01, 02, 16, 17, 21, 23, 28",MCTS,0,1,ハズレ,0,"02, 05, 11, 16, 17, 21, 28",GRADE3,0,1,ハズレ,0,"01, 02, 11, 16, 21, 23, 28",MCTS,0,1,ハズレ,0,"02, 16, 17, 21, 23, 28, 30",MCTS,0,1,ハズレ,0,"02, 04, 11, 16, 21, 23, 28",MCTS,0,1,ハズレ,0,"01, 02, 04, 16, 21, 23, 28",MCTS,0,1,ハズレ,0
2013-11-01,31,"09, 12, 13, 19, 23, 33, 34","20, 32",10,3000,0,-3000,ハズレ,1,0,"02, 05, 06, 16, 21, 23, 28",MCTS,1,0,ハズレ,0,"02, 06, 11, 16, 21, 23, 28",MCTS,1,0,ハズレ,0,"02, 11, 16, 17, 21, 23, 28",MCTS,1,0,ハズレ,0,"02, 05, 11, 16, 21, 23, 28",MCTS,1,0,ハズレ,0,"02, 06, 16, 21, 23, 28, 36",GRADE3,1,0,ハズレ,0,"02, 06, 11, 16, 21, 28, 36",MCTS,0,0,ハズレ,0,"02, 08, 11, 16, 17, 21, 28",MCTS,0,0,ハズレ,0,"02, 11, 16, 21, 23, 28, 36",MCTS,1,0,ハズレ,0,"02, 08, 16, 17, 21, 23, 28",MONTECARLO,1,0,ハズレ,0,"02, 08, 11, 13, 16, 21, 28",MCTS,1,0,ハズレ,0
2013-11-08,32,"03, 08, 15, 18, 27, 29, 37","31, 34",10,3000,0,-3000,ハズレ,0,0,"02, 06, 13, 16, 21, 23, 28",MCTS,0,0,ハズレ,0,"02, 09, 13, 16, 21, 23, 28",MCTS,0,0,ハズレ,0,"02, 13, 16, 17, 21, 23, 28",MCTS,0,0,ハズレ,0,"02, 13, 16, 21, 23, 28, 36",MCTS,0,0,ハズレ,0,"02, 11, 13, 16, 21, 23, 28",MCTS,0,0,ハズレ,0,"02, 06, 16, 17, 21, 23, 28",MCTS,0,0,ハズレ,0,"06, 11, 13, 16, 21, 23, 28",GRADE3,0,0,ハズレ,0,"02, 06, 13, 17, 21, 23, 28",MCTS,0,0,ハズレ,0,"02, 06, 11, 13, 16, 21, 28",GRADE3,0,0,ハズレ,0,"02, 06, 11, 16, 21, 23, 28",GRADE3,0,0,ハズレ,0
2013-11-15,33,"01, 04, 17, 24, 29, 33, 36","19, 30",10,3000,2000,-1000,6等,3,2,"02, 08, 13, 16, 21, 23, 28",MCTS,0,0,ハズレ,0,"03, 08, 13, 16, 26, 28, 36",DIFFUSION,1,0,ハズレ,0,"02, 04, 08, 16, 24, 28, 29",MONTECARLO,3,0,ハズレ,0,"01, 06, 12, 13, 19, 23, 34",DIFFUSION,1,1,ハズレ,0,"02, 11, 15, 17, 23, 29, 30",MONTECARLO,2,1,ハズレ,0,"03, 09, 15, 21, 26, 30, 36",DIFFUSION,1,1,ハズレ,0,"03, 10, 11, 18, 21, 33, 36",DIFFUSION,2,0,ハズレ,0,"05, 06, 18, 24, 29, 30, 33",DIFFUSION,3,1,6等,1000,"06, 11, 12, 14, 15, 22, 35",MULTI_AGENT_PPO,0,0,ハズレ,0,"17, 19, 24, 25, 31, 32, 33",MULTI_AGENT_PPO,3,1,6等,1000
2013-11-22,34,"04, 06, 07, 23, 24, 32, 35","08, 27",10,3000,0,-3000,ハズレ,2,0,"01, 04, 17, 24, 28, 29, 36",MONTECARLO,2,0,ハズレ,0,"02, 08, 13, 23, 28, 29, 36",MCTS,1,1,ハズレ,0,"06, 16, 17, 21, 24, 28, 29",MONTECARLO,2,0,ハズレ,0,"02, 17, 21, 23, 24, 33, 36",MONTECARLO,2,0,ハズレ,0,"02, 03, 08, 15, 16, 23, 30",DIFFUSION,1,1,ハズレ,0,"01, 05, 06, 13, 15, 16, 33",MONTECARLO,1,0,ハズレ,0,"04, 11, 13, 15, 21, 33, 35",MONTECARLO,2,0,ハズレ,0,"05, 07, 08, 11, 30, 34, 37",MULTI_AGENT_PPO,1,1,ハズレ,0,"04, 19, 22, 25, 26, 32, 37",MULTI_AGENT_PPO,2,0,ハズレ,0,"07, 11, 18, 20, 22, 26, 37",MULTI_AGENT_PPO,1,0,ハズレ,0
2013-11-29,35,"01, 16, 18, 19, 25, 30, 34","26, 36",10,3000,0,-3000,ハズレ,1,0,"04, 08, 23, 24, 28, 29, 36",MCTS,0,1,ハズレ,0,"04, 08, 13, 23, 24, 28, 29",MCTS,0,0,ハズレ,0,"04, 06, 08, 23, 24, 28, 29",MCTS,0,0,ハズレ,0,"04, 06, 13, 23, 24, 28, 29",MCTS,0,0,ハズレ,0,"04, 06, 23, 24, 28, 29, 36",GRADE3,0,1,ハズレ,0,"04, 13, 23, 24, 28, 29, 36",MCTS,0,1,ハズレ,0,"04, 08, 16, 23, 24, 28, 29",MCTS,1,0,ハズレ,0,"04, 08, 13, 23, 24, 29, 36",MCTS,0,1,ハズレ,0,"04, 06, 08, 23, 24, 29, 36",GRADE3,0,1,ハズレ,0,"04, 08, 13, 23, 28, 29, 36",MCTS,0,1,ハズレ,0
2013-12-06,36,"05, 06, 10, 11, 20, 28, 36","25, 37",10,3000,0,-3000,ハズレ,2,0,"01, 04, 23, 24, 28, 29, 36",GRADE3,2,0,ハズレ,0,"04, 06, 16, 23, 24, 28, 35",MULTI_AGENT_PPO,2,0,ハズレ,0,"01, 16, 17, 18, 24, 28, 36",MONTECARLO,2,0,ハズレ,0,"04, 16, 17, 23, 29, 30, 36",MONTECARLO,1,0,ハズレ,0,"01, 02, 06, 13, 17, 18, 19",MONTECARLO,1,0,ハズレ,0,"02, 12, 13, 19, 21, 25, 33",MULTI_AGENT_PPO,0,1,ハズレ,0,"02, 08, 15, 18, 27, 33, 37",MULTI_AGENT_PPO,0,1,ハズレ,0,"07, 12, 13, 21, 30, 33, 34",MULTI_AGENT_PPO,0,0,ハズレ,0,"07, 08, 21, 27, 31, 35, 37",DIFFUSION,0,1,ハズレ,0,"09, 19, 20, 26, 27, 35, 37",MULTI_AGENT_PPO,1,1,ハズレ,0
2013-12-13,37,"07, 08, 10, 13, 14, 19, 37","29, 33",10,3000,0,-3000,ハズレ,2,0,"01, 04, 06, 23, 24, 28, 36",GRADE3,0,0,ハズレ,0,"02, 05, 13, 16, 23, 28, 36",MONTECARLO,1,0,ハズレ,0,"01, 04, 10, 16, 17, 28, 36",MONTECARLO,1,0,ハズレ,0,"01, 04, 06, 16, 23, 29, 30",MONTECARLO,0,1,ハズレ,0,"05, 06, 13, 17, 18, 24, 32",MONTECARLO,1,0,ハズレ,0,"02, 03, 08, 11, 17, 19, 29",MULTI_AGENT_PPO,2,1,ハズレ,0,"09, 11, 12, 13, 15, 21, 29",MULTI_AGENT_PPO,1,1,ハズレ,0,"03, 10, 24, 26, 30, 33, 34",DIFFUSION,1,1,ハズレ,0,"05, 09, 12, 18, 21, 35, 37",MULTI_AGENT_PPO,1,0,ハズレ,0,"03, 09, 14, 15, 21, 25, 35",MULTI_AGENT_PPO,1,0,ハズレ,0
2013-12-20,38,"04, 14, 19, 22, 24, 29, 34","08, 31",10,3000,0,-3000,ハズレ,2,0,"06, 08, 13, 19, 23, 28, 36",MCTS,1,1,ハズレ,0,"04, 06, 08, 13, 23, 28, 36",MCTS,1,1,ハズレ,0,"06, 08, 13, 23, 28, 29, 36",MCTS,1,1,ハズレ,0,"06, 08, 13, 16, 23, 28, 36",MCTS,0,1,ハズレ,0,"04, 06, 08, 13, 19, 23, 28",MCTS,2,1,ハズレ,0,"06, 08, 13, 16, 19, 28, 36",GRADE3,1,1,ハズレ,0,"06, 08, 13, 16, 19, 23, 28",MCTS,1,1,ハズレ,0,"10, 11, 14, 17, 23, 28, 36",MONTECARLO,1,0,ハズレ,0,"01, 06, 13, 19, 23, 28, 36",MCTS,1,0,ハズレ,0,"06, 08, 13, 16, 19, 23, 36",GRADE3,1,1,ハズレ,0
2013-12-27,39,"07, 13, 19, 23, 25, 26, 30","01, 18",10,3000,0,-3000,ハズレ,2,0,"01, 04, 19, 24, 28, 29, 36",MCTS,1,1,ハズレ,0,"04, 08, 19, 24, 28, 29, 36",MCTS,1,0,ハズレ,0,"01, 04, 08, 19, 24, 28, 29",MCTS,1,1,ハズレ,0,"04, 06, 19, 24, 28, 29, 36",MCTS,1,0,ハズレ,0,"04, 06, 08, 19, 24, 28, 29",GRADE3,1,0,ハズレ,0,"01, 04, 06, 19, 24, 28, 29",MCTS,1,1,ハズレ,0,"04, 06, 08, 19, 24, 29, 36",GRADE3,1,0,ハズレ,0,"04, 13, 19, 24, 28, 29, 36",MCTS,2,0,ハズレ,0,"04, 06, 08, 24, 28, 29, 36",GRADE3,0,0,ハズレ,0,"04, 06, 16, 19, 24, 28, 29",MCTS,1,0,ハズレ,0
2014-01-10,40,"02, 06, 11, 23, 26, 31, 34","07, 20",10,3000,0,-3000,ハズレ,1,0,"04, 07, 08, 13, 19, 23, 28",MCTS,1,1,ハズレ,0,"04, 07, 13, 19, 23, 24, 28",MCTS,1,1,ハズレ,0,"04, 08, 13, 19, 23, 29, 30",MCTS,1,0,ハズレ,0,"04, 13, 19, 23, 24, 28, 29",MCTS,1,0,ハズレ,0,"04, 07, 13, 19, 24, 28, 30",MONTECARLO,0,1,ハズレ,0,"04, 13, 19, 23, 24, 29, 30",MCTS,1,0,ハズレ,0,"04, 13, 19, 23, 24, 28, 30",MCTS,1,0,ハズレ,0,"04, 08, 13, 19, 23, 28, 29",MCTS,1,0,ハズレ,0,"04, 07, 13, 19, 23, 28, 29",MCTS,1,1,ハズレ,0,"04, 13, 19, 23, 24, 29, 36",GRADE3,1,0,ハズレ,0
2014-01-17,41,"02, 03, 08, 15, 34, 35, 36","25, 28",10,3000,0,-3000,ハズレ,3,0,"06, 13, 19, 23, 26, 28, 34",MCTS,1,1,ハズレ,0,"04, 06, 13, 19, 23, 29, 34",MCTS,1,0,ハズレ,0,"04, 06, 13, 19, 23, 28, 34",MCTS,1,1,ハズレ,0,"04, 06, 08, 13, 19, 23, 34",MCTS,2,0,ハズレ,0,"04, 06, 13, 19, 23, 34, 36",MCTS,2,0,ハズレ,0,"06, 08, 13, 19, 23, 28, 34",MCTS,2,1,ハズレ,0,"06, 08, 13, 19, 23, 34, 36",MONTECARLO,3,0,ハズレ,0,"06, 13, 19, 23, 24, 28, 34",MCTS,1,1,ハズレ,0,"04, 13, 19, 23, 28, 29, 34",GRADE3,1,1,ハズレ,0,"06, 13, 19, 23, 28, 29, 34",MCTS,1,1,ハズレ,0
2014-01-24,42,"02, 15, 16, 17, 23, 31, 33","08, 26",10,3000,0,-3000,ハズレ,2,0,"02, 08, 13, 19, 23, 34, 36",GRADE3,2,1,ハズレ,0,"02, 06, 13, 19, 23, 34, 36",MCTS,2,0,ハズレ,0,"02, 06, 08, 13, 19, 23, 34",GRADE3,2,1,ハズレ,0,"06, 08, 13, 19, 23, 34, 36",MCTS,1,1,ハズレ,0,"02, 06, 08, 19, 23, 34, 36",MCTS,2,1,ハズレ,0,"02, 06, 08, 13, 23, 34, 36",GRADE3,2,1,ハズレ,0,"02, 06, 19, 23, 28, 34, 36",MCTS,2,0,ハズレ,0,"02, 06, 08, 13, 19, 23, 36",MCTS,2,1,ハズレ,0,"06, 08, 13, 19, 23, 29, 34",MCTS,1,1,ハズレ,0,"02, 06, 19, 23, 29, 34, 36",MCTS,2,0,ハズレ,0
2014-01-31,43,"04, 06, 07, 08, 24, 31, 37","05, 13",10,3000,1000,-2000,6等,3,1,"02, 06, 13, 19, 23, 26, 34",MCTS,1,1,ハズレ,0,"02, 08, 11, 15, 23, 29, 34",MONTECARLO,1,0,ハズレ,0,"02, 04, 08, 16, 19, 23, 34",MONTECARLO,2,0,ハズレ,0,"06, 08, 13, 19, 24, 29, 36",MONTECARLO,3,1,6等,1000,"01, 06, 13, 15, 30, 33, 36",DIFFUSION,1,1,ハズレ,0,"11, 16, 18, 26, 28, 30, 31",MULTI_AGENT_PPO,1,0,ハズレ,0,"10, 11, 16, 18, 25, 33, 35",DIFFUSION,0,0,ハズレ,0,"07, 14, 22, 24, 25, 29, 36",MONTECARLO,2,0,ハズレ,0,"10, 14, 15, 21, 25, 26, 31",DIFFUSION,1,0,ハズレ,0,"01, 04, 17, 18, 27, 31, 32",MULTI_AGENT_PPO,2,0,ハズレ,0
2014-02-07,44,"03, 04, 06, 15, 27, 28, 29","01, 14",10,3000,1400,-1600,5等,4,1,"02, 08, 15, 19, 23, 31, 34",MCTS,1,0,ハズレ,0,"02, 04, 06, 08, 23, 34, 36",GRADE3,2,0,ハズレ,0,"04, 07, 08, 13, 15, 23, 30",MONTECARLO,2,0,ハズレ,0,"02, 04, 07, 15, 19, 34, 36",MONTECARLO,2,0,ハズレ,0,"07, 12, 13, 19, 24, 28, 29",MONTECARLO,2,0,ハズレ,0,"03, 06, 11, 16, 28, 29, 36",DIFFUSION,4,0,5等,1400,"10, 11, 14, 17, 21, 28, 30",DIFFUSION,1,1,ハズレ,0,"05, 06, 11, 12, 26, 31, 37",DIFFUSION,1,0,ハズレ,0,"13, 14, 17, 18, 33, 35, 37",MULTI_AGENT_PPO,0,1,ハズレ,0,"12, 17, 20, 21, 22, 27, 35",MULTI_AGENT_PPO,1,0,ハズレ,0
2014-02-14,45,"01, 02, 09, 18, 21, 27, 33","25, 31",10,3000,0,-3000,ハズレ,1,0,"02, 04, 06, 08, 15, 23, 34",MCTS,1,0,ハズレ,0,"02, 04, 08, 15, 19, 23, 34",GRADE3,1,0,ハズレ,0,"02, 04, 06, 15, 19, 23, 34",GRADE3,1,0,ハズレ,0,"02, 06, 08, 15, 19, 23, 34",GRADE3,1,0,ハズレ,0,"02, 04, 06, 08, 15, 23, 28",MCTS,1,0,ハズレ,0,"02, 04, 06, 08, 15, 23, 36",MCTS,1,0,ハズレ,0,"02, 04, 06, 08, 15, 23, 24",MCTS,1,0,ハズレ,0,"04, 06, 08, 15, 19, 23, 34",GRADE3,0,0,ハズレ,0,"02, 04, 06, 07, 08, 15, 23",MCTS,1,0,ハズレ,0,"02, 04, 06, 08, 15, 19, 23",MCTS,1,0,ハズレ,0
2014-02-21,46,"02, 05, 06, 15, 23, 27, 30","04, 35",10,3000,2800,-200,5等,4,2,"02, 04, 06, 08, 15, 23, 31",MCTS,4,1,5等,1400,"02, 03, 08, 15, 23, 26, 34",MONTECARLO,3,0,ハズレ,0,"02, 06, 07, 15, 23, 28, 29",MONTECARLO,4,0,5等,1400,"01, 04, 08, 24, 28, 29, 33",MONTECARLO,0,1,ハズレ,0,"03, 04, 06, 14, 24, 29, 33",DIFFUSION,1,1,ハズレ,0,"03, 13, 16, 24, 28, 34, 36",MONTECARLO,0,0,ハズレ,0,"07, 09, 10, 11, 13, 19, 26",MULTI_AGENT_PPO,0,0,ハズレ,0,"01, 09, 13, 17, 27, 31, 36",MULTI_AGENT_PPO,1,0,ハズレ,0,"05, 16, 25, 27, 30, 34, 36",DIFFUSION,3,0,ハズレ,0,"01, 14, 17, 18, 21, 22, 30",DIFFUSION,1,0,ハズレ,0
2014-02-28,47,"02, 09, 11, 14, 20, 21, 36","06, 15",10,3000,0,-3000,ハズレ,1,0,"02, 04, 06, 15, 23, 29, 34",MCTS,1,2,ハズレ,0,"02, 04, 06, 08, 15, 23, 34",MCTS,1,2,ハズレ,0,"02, 04, 06, 15, 19, 23, 34",MCTS,1,2,ハズレ,0,"02, 04, 06, 15, 23, 28, 34",MCTS,1,2,ハズレ,0,"02, 04, 06, 08, 15, 23, 28",GRADE3,1,2,ハズレ,0,"02, 06, 15, 19, 23, 28, 34",MCTS,1,2,ハズレ,0,"02, 04, 06, 15, 19, 23, 28",MCTS,1,2,ハズレ,0,"02, 04, 06, 15, 19, 23, 29",MCTS,1,2,ハズレ,0,"02, 04, 06, 08, 15, 19, 23",MCTS,1,2,ハズレ,0,"02, 06, 15, 23, 24, 28, 34",MCTS,1,2,ハズレ,0
2014-03-07,48,"03, 05, 24, 26, 29, 30, 34","08, 35",10,3000,0,-3000,ハズレ,1,0,"02, 04, 06, 08, 15, 23, 36",MCTS,0,1,ハズレ,0,"02, 04, 06, 08, 15, 23, 34",MCTS,1,1,ハズレ,0,"02, 04, 06, 15, 19, 23, 34",MCTS,1,0,ハズレ,0,"04, 06, 15, 23, 27, 28, 29",MONTECARLO,1,0,ハズレ,0,"02, 04, 06, 15, 23, 28, 34",MCTS,1,0,ハズレ,0,"02, 06, 08, 15, 19, 23, 34",MCTS,1,1,ハズレ,0,"02, 04, 06, 15, 23, 28, 33",MCTS,0,0,ハズレ,0,"02, 04, 06, 08, 15, 23, 24",MCTS,1,1,ハズレ,0,"02, 04, 06, 08, 15, 23, 33",MCTS,0,1,ハズレ,0,"02, 06, 08, 15, 19, 23, 36",MCTS,0,1,ハズレ,0
2014-03-14,49,"08, 11, 12, 17, 24, 26, 27","14, 21",10,3000,0,-3000,ハズレ,2,0,"02, 04, 06, 15, 23, 30, 34",MCTS,0,0,ハズレ,0,"02, 06, 15, 23, 24, 30, 34",MCTS,1,0,ハズレ,0,"02, 04, 06, 15, 23, 29, 34",MCTS,0,0,ハズレ,0,"02, 04, 06, 15, 23, 34, 36",MCTS,0,0,ハズレ,0,"02, 04, 06, 15, 23, 24, 34",MCTS,1,0,ハズレ,0,"02, 04, 06, 08, 15, 23, 34",GRADE3,1,0,ハズレ,0,"02, 04, 06, 15, 23, 28, 34",MCTS,0,0,ハズレ,0,"02, 06, 08, 15, 23, 24, 34",GRADE3,2,0,ハズレ,0,"02, 04, 06, 08, 15, 23, 24",GRADE3,2,0,ハズレ,0,"02, 04, 06, 23, 24, 30, 34",MCTS,1,0,ハズレ,0
2014-03-21,50,"03, 04, 07, 08, 15, 24, 29","11, 16",10,3000,1400,-1600,5等,4,1,"02, 06, 08, 15, 23, 26, 34",MCTS,2,0,ハズレ,0,"02, 06, 15, 23, 24, 26, 34",GRADE3,2,0,ハズレ,0,"02, 06, 08, 15, 23, 24, 34",MCTS,3,0,ハズレ,0,"02, 06, 08, 15, 23, 24, 26",MCTS,3,0,ハズレ,0,"02, 06, 23, 24, 26, 29, 34",MCTS,2,0,ハズレ,0,"02, 06, 08, 23, 24, 26, 34",MCTS,2,0,ハズレ,0,"02, 06, 08, 15, 23, 24, 29",MCTS,4,0,5等,1400,"02, 04, 06, 08, 15, 23, 34",MCTS,3,0,ハズレ,0,"02, 06, 08, 15, 23, 29, 36",MCTS,3,0,ハズレ,0,"02, 04, 06, 23, 24, 26, 34",MCTS,2,0,ハズレ,0
2014-03-28,51,"01, 04, 05, 08, 20, 23, 35","15, 33",10,3000,4000,1000,6等,3,4,"02, 04, 08, 15, 23, 24, 29",GRADE3,3,1,6等,1000,"04, 06, 08, 15, 23, 24, 29",GRADE3,3,1,6等,1000,"03, 08, 15, 24, 26, 27, 29",MONTECARLO,1,1,ハズレ,0,"02, 04, 06, 15, 23, 24, 29",GRADE3,2,1,ハズレ,0,"02, 03, 06, 08, 15, 24, 29",MCTS,1,1,ハズレ,0,"02, 04, 06, 08, 15, 24, 29",MCTS,2,1,ハズレ,0,"02, 06, 08, 15, 23, 24, 29",MCTS,2,1,ハズレ,0,"02, 04, 06, 08, 15, 23, 24",MCTS,3,1,6等,1000,"03, 08, 15, 23, 24, 29, 34",DIFFUSION,2,1,ハズレ,0,"02, 04, 06, 08, 15, 23, 29",GRADE3,3,1,6等,1000
2014-04-04,52,"08, 10, 22, 24, 26, 32, 34","05, 09",10,3000,0,-3000,ハズレ,2,0,"02, 04, 08, 15, 23, 24, 29",MCTS,2,0,ハズレ,0,"04, 06, 08, 15, 23, 24, 29",GRADE3,2,0,ハズレ,0,"04, 06, 07, 08, 23, 24, 29",MONTECARLO,2,0,ハズレ,0,"02, 04, 06, 08, 15, 23, 24",MCTS,2,0,ハズレ,0,"02, 03, 04, 08, 15, 23, 24",MCTS,2,0,ハズレ,0,"02, 04, 06, 08, 15, 23, 29",MCTS,1,0,ハズレ,0,"02, 04, 06, 08, 15, 24, 29",MCTS,2,0,ハズレ,0,"02, 04, 06, 15, 23, 24, 29",GRADE3,1,0,ハズレ,0,"02, 04, 05, 08, 15, 23, 24",MCTS,2,1,ハズレ,0,"02, 04, 06, 08, 23, 24, 29",MCTS,2,0,ハズレ,0
2014-04-11,53,"01, 04, 14, 16, 20, 33, 36","12, 30",10,3000,0,-3000,ハズレ,1,0,"03, 04, 08, 15, 23, 24, 29",MCTS,1,0,ハズレ,0,"03, 04, 08, 15, 24, 26, 29",MCTS,1,0,ハズレ,0,"04, 06, 08, 15, 23, 24, 29",MCTS,1,0,ハズレ,0,"02, 04, 08, 15, 23, 24, 29",MCTS,1,0,ハズレ,0,"02, 04, 08, 15, 24, 29, 34",MCTS,1,0,ハズレ,0,"04, 05, 08, 15, 23, 24, 29",MCTS,1,0,ハズレ,0,"02, 04, 08, 15, 24, 26, 29",MCTS,1,0,ハズレ,0,"02, 04, 06, 08, 15, 23, 24",MCTS,1,0,ハズレ,0,"02, 04, 08, 15, 23, 24, 26",MCTS,1,0,ハズレ,0,"02, 04, 06, 08, 15, 24, 29",MCTS,1,0,ハズレ,0
2014-04-18,54,"01, 03, 05, 10, 18, 22, 23","07, 35",10,3000,0,-3000,ハズレ,1,0,"02, 04, 08, 15, 24, 26, 29",MCTS,0,0,ハズレ,0,"02, 04, 08, 15, 23, 24, 26",MCTS,1,0,ハズレ,0,"02, 04, 06, 08, 15, 23, 24",GRADE3,1,0,ハズレ,0,"04, 06, 08, 15, 23, 24, 26",GRADE3,1,0,ハズレ,0,"02, 04, 08, 23, 24, 26, 29",MCTS,1,0,ハズレ,0,"02, 04, 08, 23, 24, 26, 34",MCTS,1,0,ハズレ,0,"02, 04, 08, 24, 26, 29, 34",MCTS,0,0,ハズレ,0,"02, 04, 08, 15, 24, 26, 34",MCTS,0,0,ハズレ,0,"02, 03, 04, 08, 15, 24, 26",MCTS,1,0,ハズレ,0,"02, 04, 06, 08, 23, 24, 26",MCTS,1,0,ハズレ,0
2014-04-25,55,"04, 12, 14, 17, 23, 30, 36","13, 33",10,3000,0,-3000,ハズレ,3,0,"01, 04, 08, 15, 23, 24, 29",MCTS,2,0,ハズレ,0,"02, 03, 04, 08, 15, 23, 24",GRADE3,2,0,ハズレ,0,"01, 04, 05, 08, 23, 24, 29",MCTS,2,0,ハズレ,0,"01, 04, 08, 23, 24, 29, 36",MCTS,3,0,ハズレ,0,"01, 03, 04, 08, 15, 23, 24",GRADE3,2,0,ハズレ,0,"04, 05, 08, 15, 23, 24, 34",MCTS,2,0,ハズレ,0,"01, 03, 04, 05, 08, 23, 24",MCTS,2,0,ハズレ,0,"01, 04, 05, 08, 15, 23, 24",MCTS,2,0,ハズレ,0,"04, 05, 08, 15, 23, 24, 26",MCTS,2,0,ハズレ,0,"01, 04, 08, 15, 24, 29, 33",MONTECARLO,1,1,ハズレ,0
2014-05-02,56,"04, 23, 26, 27, 28, 32, 36","29, 30",10,3000,2000,-1000,6等,3,2,"03, 04, 08, 15, 23, 24, 36",MCTS,3,0,ハズレ,0,"03, 04, 08, 15, 23, 24, 30",MONTECARLO,2,1,ハズレ,0,"03, 04, 06, 08, 15, 24, 29",MONTECARLO,1,1,ハズレ,0,"02, 04, 08, 15, 23, 24, 36",MCTS,3,0,ハズレ,0,"01, 04, 08, 23, 24, 30, 36",MCTS,3,1,6等,1000,"04, 06, 08, 15, 23, 24, 36",MCTS,3,0,ハズレ,0,"01, 03, 04, 08, 23, 24, 36",GRADE3,3,0,ハズレ,0,"01, 03, 04, 05, 08, 23, 24",MCTS,2,0,ハズレ,0,"03, 04, 05, 08, 23, 24, 30",MONTECARLO,2,1,ハズレ,0,"02, 04, 08, 23, 24, 30, 36",MCTS,3,1,6等,1000
2014-05-09,57,"05, 06, 12, 16, 17, 20, 33","08, 32",10,3000,0,-3000,ハズレ,1,0,"01, 04, 08, 23, 24, 29, 36",MONTECARLO,0,1,ハズレ,0,"03, 04, 08, 23, 24, 26, 29",MONTECARLO,0,1,ハズレ,0,"04, 08, 23, 24, 26, 29, 36",MCTS,0,1,ハズレ,0,"04, 08, 15, 23, 24, 26, 36",MCTS,0,1,ハズレ,0,"01, 04, 08, 23, 24, 26, 36",MCTS,0,1,ハズレ,0,"01, 04, 08, 15, 23, 24, 36",MCTS,0,1,ハズレ,0,"02, 04, 08, 23, 24, 26, 36",MCTS,0,1,ハズレ,0,"01, 04, 08, 14, 23, 24, 36",MCTS,0,1,ハズレ,0,"01, 04, 08, 23, 24, 26, 29",MCTS,0,1,ハズレ,0,"01, 04, 05, 23, 24, 26, 36",MONTECARLO,1,0,ハズレ,0
2014-05-16,58,"01, 06, 07, 08, 23, 32, 33","11, 34",10,3000,0,-3000,ハズレ,3,0,"04, 05, 08, 23, 24, 26, 36",MCTS,2,0,ハズレ,0,"03, 04, 08, 23, 24, 26, 36",MCTS,2,0,ハズレ,0,"01, 04, 08, 23, 24, 26, 36",MCTS,3,0,ハズレ,0,"01, 04, 05, 08, 23, 24, 36",MCTS,3,0,ハズレ,0,"04, 08, 15, 17, 23, 27, 36",MONTECARLO,2,0,ハズレ,0,"02, 04, 08, 23, 24, 26, 36",MCTS,2,0,ハズレ,0,"01, 04, 05, 23, 24, 26, 36",GRADE3,2,0,ハズレ,0,"02, 04, 08, 14, 17, 23, 36",MONTECARLO,2,0,ハズレ,0,"01, 04, 05, 08, 23, 26, 36",GRADE3,3,0,ハズレ,0,"04, 05, 06, 08, 23, 24, 36",MCTS,3,0,ハズレ,0
2014-05-23,59,"05, 08, 12, 13, 21, 30, 35","27, 34",10,3000,0,-3000,ハズレ,2,0,"01, 04, 08, 23, 24, 33, 36",MCTS,1,0,ハズレ,0,"04, 06, 08, 23, 24, 33, 36",MCTS,1,0,ハズレ,0,"01, 04, 06, 08, 23, 24, 36",MCTS,1,0,ハズレ,0,"04, 06, 08, 23, 24, 26, 36",MCTS,1,0,ハズレ,0,"01, 04, 08, 23, 24, 26, 36",MCTS,1,0,ハズレ,0,"04, 06, 08, 17, 23, 33, 36",MCTS,1,0,ハズレ,0,"01, 04, 05, 08, 23, 24, 36",GRADE3,2,0,ハズレ,0,"04, 06, 08, 17, 23, 24, 36",MCTS,1,0,ハズレ,0,"01, 04, 05, 06, 08, 23, 36",GRADE3,2,0,ハズレ,0,"01, 04, 05, 06, 08, 23, 24",GRADE3,2,0,ハズレ,0
2014-05-30,60,"03, 07, 09, 15, 16, 23, 34","05, 33",10,3000,0,-3000,ハズレ,1,0,"01, 04, 05, 06, 08, 23, 33",MCTS,1,2,ハズレ,0,"01, 04, 05, 08, 23, 24, 36",MCTS,1,1,ハズレ,0,"01, 04, 05, 06, 08, 23, 36",MCTS,1,1,ハズレ,0,"01, 04, 05, 08, 23, 24, 30",MCTS,1,1,ハズレ,0,"01, 04, 05, 06, 08, 23, 30",MCTS,1,1,ハズレ,0,"01, 04, 05, 06, 08, 23, 24",MCTS,1,1,ハズレ,0,"04, 05, 06, 08, 23, 24, 33",MCTS,1,2,ハズレ,0,"04, 05, 06, 08, 23, 24, 30",MCTS,1,1,ハズレ,0,"01, 04, 06, 08, 23, 24, 36",GRADE3,1,0,ハズレ,0,"04, 05, 06, 08, 23, 30, 36",MCTS,1,1,ハズレ,0
2014-06-06,61,"05, 10, 11, 21, 28, 31, 37","13, 14",10,3000,0,-3000,ハズレ,1,0,"01, 04, 05, 08, 23, 33, 36",MCTS,1,0,ハズレ,0,"01, 04, 05, 06, 08, 23, 33",MCTS,1,0,ハズレ,0,"01, 04, 06, 08, 23, 33, 36",GRADE3,0,0,ハズレ,0,"03, 04, 08, 15, 23, 24, 26",MONTECARLO,0,0,ハズレ,0,"01, 04, 05, 06, 08, 23, 36",MCTS,1,0,ハズレ,0,"01, 04, 05, 06, 08, 23, 24",MCTS,1,0,ハズレ,0,"04, 05, 06, 08, 23, 33, 36",MCTS,1,0,ハズレ,0,"01, 03, 04, 05, 08, 23, 33",MCTS,1,0,ハズレ,0,"01, 05, 06, 08, 23, 33, 36",GRADE3,1,0,ハズレ,0,"01, 04, 05, 06, 23, 33, 36",GRADE3,1,0,ハズレ,0
2014-06-13,62,"04, 10, 12, 15, 27, 32, 33","09, 16",10,3000,0,-3000,ハズレ,3,0,"01, 04, 05, 06, 08, 23, 33",MCTS,2,0,ハズレ,0,"01, 04, 05, 08, 23, 33, 36",GRADE3,2,0,ハズレ,0,"01, 04, 06, 08, 23, 33, 36",GRADE3,2,0,ハズレ,0,"03, 04, 05, 08, 15, 23, 36",MCTS,2,0,ハズレ,0,"01, 04, 05, 06, 08, 23, 36",GRADE3,1,0,ハズレ,0,"04, 05, 06, 08, 23, 33, 36",GRADE3,2,0,ハズレ,0,"04, 06, 08, 15, 23, 33, 36",MONTECARLO,3,0,ハズレ,0,"01, 03, 04, 05, 08, 23, 33",MCTS,2,0,ハズレ,0,"01, 05, 06, 08, 23, 33, 36",GRADE3,1,0,ハズレ,0,"01, 04, 05, 06, 23, 33, 36",GRADE3,2,0,ハズレ,0
2014-06-20,63,"04, 08, 19, 24, 28, 30, 32","12, 37",10,3000,0,-3000,ハズレ,3,0,"01, 04, 05, 08, 23, 33, 36",MCTS,2,0,ハズレ,0,"01, 04, 05, 06, 08, 23, 33",MCTS,2,0,ハズレ,0,"01, 04, 05, 08, 15, 23, 33",MCTS,2,0,ハズレ,0,"04, 05, 06, 08, 15, 23, 33",MCTS,2,0,ハズレ,0,"01, 04, 06, 08, 15, 23, 33",MCTS,2,0,ハズレ,0,"04, 06, 07, 23, 24, 32, 33",MONTECARLO,3,0,ハズレ,0,"03, 04, 05, 08, 15, 23, 33",MCTS,2,0,ハズレ,0,"04, 05, 06, 08, 23, 33, 36",MCTS,2,0,ハズレ,0,"04, 05, 06, 08, 15, 23, 36",MCTS,2,0,ハズレ,0,"01, 04, 05, 06, 08, 15, 23",MCTS,2,0,ハズレ,0
2014-06-27,64,"04, 15, 16, 17, 20, 29, 36","19, 26",10,3000,0,-3000,ハズレ,3,0,"04, 05, 08, 15, 23, 30, 33",MCTS,2,0,ハズレ,0,"04, 05, 08, 15, 23, 24, 33",MCTS,2,0,ハズレ,0,"04, 06, 08, 15, 23, 24, 33",GRADE3,2,0,ハズレ,0,"04, 05, 08, 15, 23, 33, 36",MCTS,3,0,ハズレ,0,"03, 04, 08, 24, 28, 30, 32",MONTECARLO,1,0,ハズレ,0,"01, 04, 05, 08, 15, 23, 33",MCTS,2,0,ハズレ,0,"01, 04, 05, 06, 08, 23, 33",MCTS,1,0,ハズレ,0,"04, 05, 06, 08, 15, 23, 33",MCTS,2,0,ハズレ,0,"04, 05, 06, 08, 23, 24, 33",MCTS,1,0,ハズレ,0,"04, 05, 06, 08, 15, 23, 24",MCTS,2,0,ハズレ,0
2014-07-04,65,"04, 07, 12, 22, 23, 24, 28","25, 34",10,3000,0,-3000,ハズレ,3,0,"04, 08, 15, 23, 32, 33, 36",MCTS,2,0,ハズレ,0,"04, 08, 15, 16, 23, 33, 36",MCTS,2,0,ハズレ,0,"04, 08, 15, 16, 23, 32, 33",MCTS,2,0,ハズレ,0,"04, 05, 08, 15, 23, 32, 33",MCTS,2,0,ハズレ,0,"04, 05, 08, 15, 23, 30, 33",MCTS,2,0,ハズレ,0,"04, 05, 08, 15, 16, 23, 33",MCTS,2,0,ハズレ,0,"04, 05, 08, 15, 16, 23, 36",MCTS,2,0,ハズレ,0,"04, 08, 15, 23, 24, 33, 36",GRADE3,3,0,ハズレ,0,"04, 05, 08, 15, 23, 33, 36",MCTS,2,0,ハズレ,0,"04, 05, 08, 15, 23, 24, 36",GRADE3,3,0,ハズレ,0
2014-07-11,66,"01, 11, 25, 28, 31, 33, 37","03, 20",10,3000,0,-3000,ハズレ,2,0,"04, 07, 08, 15, 23, 24, 28",MCTS,1,0,ハズレ,0,"04, 07, 08, 12, 23, 24, 28",MCTS,1,0,ハズレ,0,"04, 08, 12, 15, 23, 24, 28",MCTS,1,0,ハズレ,0,"04, 08, 12, 15, 23, 24, 32",MCTS,0,0,ハズレ,0,"04, 05, 08, 15, 23, 24, 28",MCTS,1,0,ハズレ,0,"04, 08, 15, 23, 24, 28, 33",MCTS,2,0,ハズレ,0,"04, 05, 08, 15, 23, 24, 30",MCTS,0,0,ハズレ,0,"04, 08, 12, 15, 23, 24, 33",MCTS,1,0,ハズレ,0,"04, 05, 08, 12, 23, 24, 28",MCTS,1,0,ハズレ,0,"04, 08, 15, 23, 24, 33, 36",MCTS,1,0,ハズレ,0
2014-07-18,67,"07, 11, 15, 17, 18, 25, 35","06, 33",10,3000,0,-3000,ハズレ,1,0,"04, 07, 08, 12, 23, 24, 28",MCTS,1,0,ハズレ,0,"04, 08, 12, 15, 23, 24, 28",MCTS,1,0,ハズレ,0,"04, 08, 15, 23, 24, 28, 33",MCTS,1,1,ハズレ,0,"04, 08, 15, 23, 24, 28, 36",MCTS,1,0,ハズレ,0,"04, 05, 08, 15, 23, 24, 28",MCTS,1,0,ハズレ,0,"04, 05, 08, 23, 24, 28, 33",GRADE3,0,1,ハズレ,0,"01, 04, 08, 15, 23, 24, 28",MCTS,1,0,ハズレ,0,"04, 05, 08, 12, 23, 24, 28",MCTS,0,0,ハズレ,0,"04, 05, 08, 15, 23, 28, 33",GRADE3,1,1,ハズレ,0,"04, 05, 12, 15, 23, 24, 28",MCTS,1,0,ハズレ,0
2014-07-25,68,"02, 07, 13, 15, 24, 34, 35","12, 23",10,3000,3000,0,6等,3,3,"04, 07, 08, 15, 23, 24, 28",GRADE3,3,1,6等,1000,"04, 07, 08, 23, 24, 28, 33",GRADE3,2,1,ハズレ,0,"04, 07, 08, 15, 23, 24, 33",GRADE3,3,1,6等,1000,"04, 07, 15, 23, 24, 28, 33",GRADE3,3,1,6等,1000,"04, 07, 08, 15, 23, 28, 33",MCTS,2,1,ハズレ,0,"04, 08, 15, 23, 24, 28, 33",GRADE3,2,1,ハズレ,0,"04, 07, 12, 15, 23, 28, 33",MCTS,2,2,ハズレ,0,"04, 07, 08, 15, 24, 28, 33",GRADE3,3,0,ハズレ,0,"04, 07, 08, 15, 23, 33, 36",MCTS,2,1,ハズレ,0,"04, 07, 15, 23, 28, 33, 36",MCTS,2,1,ハズレ,0
2014-08-01,69,"13, 17, 20, 22, 28, 29, 37","11, 12",10,3000,0,-3000,ハズレ,1,0,"04, 07, 08, 15, 23, 24, 28",MCTS,1,0,ハズレ,0,"04, 07, 12, 15, 23, 24, 28",MCTS,1,1,ハズレ,0,"04, 07, 08, 23, 24, 28, 33",GRADE3,1,0,ハズレ,0,"04, 07, 08, 15, 23, 24, 33",GRADE3,0,0,ハズレ,0,"04, 07, 15, 23, 24, 28, 33",GRADE3,1,0,ハズレ,0,"04, 07, 08, 15, 24, 28, 33",GRADE3,1,0,ハズレ,0,"04, 05, 07, 15, 23, 24, 28",MCTS,1,0,ハズレ,0,"04, 05, 07, 08, 23, 24, 28",MCTS,1,0,ハズレ,0,"04, 07, 08, 11, 23, 24, 28",MCTS,1,1,ハズレ,0,"04, 07, 08, 15, 23, 28, 33",GRADE3,1,0,ハズレ,0
2014-08-08,70,"09, 10, 18, 21, 27, 33, 35","04, 11",10,3000,0,-3000,ハズレ,1,0,"04, 07, 08, 15, 23, 24, 28",MCTS,0,1,ハズレ,0,"04, 07, 08, 15, 24, 28, 29",MCTS,0,1,ハズレ,0,"04, 07, 15, 23, 24, 28, 29",MCTS,0,1,ハズレ,0,"04, 07, 08, 23, 24, 28, 29",MCTS,0,1,ハズレ,0,"04, 07, 08, 17, 23, 24, 28",MCTS,0,1,ハズレ,0,"04, 07, 08, 15, 23, 24, 29",MCTS,0,1,ハズレ,0,"04, 07, 15, 17, 23, 24, 28",MCTS,0,1,ハズレ,0,"04, 07, 15, 23, 24, 28, 33",MCTS,1,1,ハズレ,0,"04, 07, 08, 15, 17, 24, 28",MCTS,0,1,ハズレ,0,"04, 07, 08, 15, 23, 24, 33",MCTS,1,1,ハズレ,0
2014-08-15,71,"01, 06, 13, 29, 34, 35, 37","02, 15",10,3000,0,-3000,ハズレ,0,0,"04, 07, 08, 15, 23, 24, 28",GRADE3,0,1,ハズレ,0,"04, 07, 08, 23, 24, 28, 33",GRADE3,0,0,ハズレ,0,"04, 07, 15, 23, 24, 28, 33",MCTS,0,1,ハズレ,0,"04, 07, 08, 15, 23, 24, 33",GRADE3,0,1,ハズレ,0,"04, 07, 15, 17, 23, 24, 28",MCTS,0,1,ハズレ,0,"04, 07, 15, 23, 24, 28, 36",MCTS,0,1,ハズレ,0,"04, 07, 08, 15, 24, 28, 33",GRADE3,0,1,ハズレ,0,"04, 07, 08, 15, 23, 28, 33",GRADE3,0,1,ハズレ,0,"04, 08, 15, 23, 24, 28, 33",GRADE3,0,1,ハズレ,0,"04, 07, 12, 15, 17, 23, 28",MCTS,0,1,ハズレ,0
2014-08-22,72,"11, 12, 18, 19, 20, 31, 32","09, 21",10,3000,0,-3000,ハズレ,0,0,"04, 07, 08, 15, 23, 24, 28",MCTS,0,0,ハズレ,0,"04, 07, 15, 23, 24, 28, 35",MCTS,0,0,ハズレ,0,"04, 07, 08, 15, 24, 28, 35",MCTS,0,0,ハズレ,0,"04, 07, 15, 23, 24, 28, 33",GRADE3,0,0,ハズレ,0,"04, 07, 15, 17, 23, 24, 28",MCTS,0,0,ハズレ,0,"04, 07, 15, 23, 28, 34, 35",MCTS,0,0,ハズレ,0,"04, 07, 15, 23, 24, 33, 35",GRADE3,0,0,ハズレ,0,"04, 07, 15, 17, 24, 28, 35",MCTS,0,0,ハズレ,0,"01, 04, 07, 23, 24, 28, 35",MCTS,0,0,ハズレ,0,"01, 04, 07, 15, 23, 24, 28",MCTS,0,0,ハズレ,0
2014-08-29,73,"12, 16, 23, 25, 27, 30, 32","28, 33",10,3000,0,-3000,ハズレ,2,0,"04, 07, 08, 15, 23, 24, 28",MCTS,1,1,ハズレ,0,"04, 07, 08, 15, 23, 24, 35",MCTS,1,0,ハズレ,0,"04, 07, 15, 23, 24, 28, 35",MCTS,1,1,ハズレ,0,"04, 07, 12, 15, 23, 24, 35",MCTS,2,0,ハズレ,0,"04, 07, 15, 23, 24, 28, 33",MCTS,1,2,ハズレ,0,"04, 07, 15, 17, 23, 24, 28",MCTS,1,1,ハズレ,0,"04, 07, 15, 23, 24, 33, 35",MCTS,1,1,ハズレ,0,"04, 07, 15, 17, 23, 24, 35",MCTS,1,0,ハズレ,0,"04, 07, 23, 24, 28, 33, 35",MCTS,1,2,ハズレ,0,"04, 07, 15, 17, 23, 28, 35",MCTS,1,1,ハズレ,0
2014-09-05,74,"05, 13, 14, 15, 16, 24, 31","09, 11",10,3000,0,-3000,ハズレ,2,0,"04, 07, 12, 15, 23, 24, 28",MCTS,2,0,ハズレ,0,"04, 07, 12, 15, 23, 28, 32",MCTS,1,0,ハズレ,0,"04, 12, 15, 23, 24, 28, 32",MCTS,2,0,ハズレ,0,"04, 07, 12, 15, 23, 32, 35",MCTS,1,0,ハズレ,0,"04, 07, 12, 15, 23, 28, 35",MCTS,1,0,ハズレ,0,"04, 07, 15, 23, 28, 32, 35",GRADE3,1,0,ハズレ,0,"04, 07, 12, 23, 28, 32, 35",GRADE3,0,0,ハズレ,0,"04, 12, 15, 23, 28, 32, 35",GRADE3,1,0,ハズレ,0,"04, 11, 12, 15, 23, 28, 32",MCTS,1,1,ハズレ,0,"07, 12, 15, 23, 28, 32, 35",GRADE3,1,0,ハズレ,0
2014-09-12,75,"04, 09, 15, 17, 19, 35, 37","10, 20",10,3000,0,-3000,ハズレ,3,0,"04, 12, 15, 23, 24, 28, 35",MCTS,3,0,ハズレ,0,"04, 12, 15, 16, 23, 24, 28",MCTS,2,0,ハズレ,0,"04, 12, 13, 15, 23, 24, 28",MCTS,2,0,ハズレ,0,"04, 12, 13, 15, 23, 24, 35",MCTS,3,0,ハズレ,0,"04, 12, 13, 23, 24, 28, 35",GRADE3,2,0,ハズレ,0,"04, 12, 15, 23, 24, 33, 35",MCTS,3,0,ハズレ,0,"04, 12, 15, 16, 23, 24, 35",MCTS,3,0,ハズレ,0,"04, 12, 13, 15, 16, 23, 24",MCTS,2,0,ハズレ,0,"04, 07, 16, 23, 24, 32, 35",MONTECARLO,2,0,ハズレ,0,"04, 13, 15, 23, 24, 28, 35",GRADE3,3,0,ハズレ,0
2014-09-19,76,"04, 13, 18, 29, 32, 34, 36","24, 33",10,3000,0,-3000,ハズレ,2,0,"04, 12, 15, 23, 24, 28, 35",MCTS,1,1,ハズレ,0,"04, 12, 15, 16, 17, 23, 35",MCTS,1,0,ハズレ,0,"04, 12, 13, 15, 23, 24, 35",MCTS,2,1,ハズレ,0,"04, 12, 15, 16, 23, 24, 35",MCTS,1,1,ハズレ,0,"04, 12, 13, 15, 23, 24, 28",GRADE3,2,1,ハズレ,0,"04, 12, 15, 16, 23, 28, 35",MCTS,1,0,ハズレ,0,"04, 13, 15, 23, 24, 28, 35",GRADE3,2,1,ハズレ,0,"04, 12, 13, 15, 23, 28, 35",MCTS,2,0,ハズレ,0,"04, 12, 13, 15, 24, 28, 35",GRADE3,2,1,ハズレ,0,"04, 12, 15, 23, 28, 35, 37",MCTS,1,0,ハズレ,0
2014-09-26,77,"03, 10, 23, 25, 26, 28, 30","15, 29",10,3000,0,-3000,ハズレ,3,0,"04, 12, 15, 23, 24, 32, 35",GRADE3,1,1,ハズレ,0,"04, 12, 17, 23, 28, 29, 32",MONTECARLO,2,1,ハズレ,0,"04, 08, 15, 16, 29, 32, 36",MONTECARLO,0,2,ハズレ,0,"07, 12, 13, 15, 16, 24, 29",MONTECARLO,0,2,ハズレ,0,"08, 13, 16, 17, 24, 35, 36",MONTECARLO,0,0,ハズレ,0,"06, 11, 13, 23, 27, 30, 34",DIFFUSION,2,0,ハズレ,0,"07, 08, 11, 17, 31, 35, 37",MONTECARLO,0,0,ハズレ,0,"05, 10, 18, 19, 22, 28, 33",MULTI_AGENT_PPO,2,0,ハズレ,0,"01, 05, 10, 20, 25, 30, 36",MULTI_AGENT_PPO,3,0,ハズレ,0,"01, 02, 03, 11, 19, 28, 33",MULTI_AGENT_PPO,2,0,ハズレ,0
2014-10-03,78,"05, 06, 10, 14, 24, 28, 36","07, 20",10,3000,0,-3000,ハズレ,2,0,"04, 15, 23, 24, 28, 32, 35",MCTS,2,0,ハズレ,0,"04, 13, 15, 23, 24, 28, 32",GRADE3,2,0,ハズレ,0,"04, 13, 15, 23, 32, 34, 35",MCTS,0,0,ハズレ,0,"04, 12, 13, 15, 23, 32, 35",MCTS,0,0,ハズレ,0,"04, 13, 15, 23, 24, 28, 35",GRADE3,2,0,ハズレ,0,"04, 12, 23, 24, 28, 29, 30",MONTECARLO,2,0,ハズレ,0,"04, 13, 15, 23, 24, 32, 35",MCTS,1,0,ハズレ,0,"04, 12, 15, 16, 23, 32, 35",MCTS,0,0,ハズレ,0,"04, 12, 13, 15, 23, 24, 32",MCTS,1,0,ハズレ,0,"04, 13, 15, 23, 28, 32, 35",MCTS,1,0,ハズレ,0
2014-10-10,79,"02, 04, 07, 09, 21, 29, 37","06, 36",10,3000,0,-3000,ハズレ,2,0,"04, 12, 15, 23, 24, 28, 36",MCTS,1,1,ハズレ,0,"04, 12, 15, 23, 24, 28, 35",MCTS,1,0,ハズレ,0,"04, 05, 23, 24, 28, 30, 32",MONTECARLO,1,0,ハズレ,0,"04, 15, 23, 24, 28, 32, 35",GRADE3,1,0,ハズレ,0,"04, 13, 15, 23, 24, 28, 29",MCTS,2,0,ハズレ,0,"04, 13, 15, 23, 24, 28, 32",MCTS,1,0,ハズレ,0,"04, 12, 13, 15, 23, 24, 28",MCTS,1,0,ハズレ,0,"04, 15, 23, 24, 28, 35, 36",MCTS,1,1,ハズレ,0,"04, 05, 13, 15, 23, 24, 28",MCTS,1,0,ハズレ,0,"04, 13, 15, 23, 24, 28, 36",MCTS,1,1,ハズレ,0
2014-10-17,80,"02, 05, 10, 18, 21, 24, 27","25, 34",10,3000,0,-3000,ハズレ,2,0,"04, 07, 08, 15, 24, 29, 36",MULTI_AGENT_PPO,1,0,ハズレ,0,"04, 10, 15, 23, 24, 28, 29",MCTS,2,0,ハズレ,0,"04, 13, 15, 23, 24, 28, 29",MCTS,1,0,ハズレ,0,"04, 15, 17, 23, 24, 28, 29",MCTS,1,0,ハズレ,0,"04, 15, 23, 24, 28, 29, 35",MCTS,1,0,ハズレ,0,"04, 13, 15, 24, 28, 29, 35",GRADE3,1,0,ハズレ,0,"04, 10, 15, 23, 24, 28, 35",MCTS,2,0,ハズレ,0,"04, 07, 17, 24, 28, 29, 32",MONTECARLO,1,0,ハズレ,0,"04, 07, 15, 23, 29, 36, 37",MONTECARLO,0,0,ハズレ,0,"04, 10, 13, 24, 28, 29, 36",MONTECARLO,2,0,ハズレ,0
2014-10-24,81,"01, 03, 10, 18, 28, 31, 35","09, 21",10,3000,0,-3000,ハズレ,3,0,"04, 05, 10, 15, 23, 24, 28",MCTS,2,0,ハズレ,0,"04, 05, 10, 23, 24, 28, 29",MCTS,2,0,ハズレ,0,"04, 05, 15, 23, 24, 28, 29",MCTS,1,0,ハズレ,0,"04, 05, 10, 15, 24, 28, 29",MCTS,2,0,ハズレ,0,"04, 10, 15, 23, 24, 28, 29",MCTS,2,0,ハズレ,0,"04, 05, 13, 15, 24, 28, 29",MCTS,1,0,ハズレ,0,"04, 05, 10, 13, 15, 24, 28",MCTS,2,0,ハズレ,0,"04, 05, 10, 15, 24, 28, 35",MCTS,3,0,ハズレ,0,"04, 05, 13, 15, 24, 28, 36",MONTECARLO,1,0,ハズレ,0,"04, 05, 15, 23, 24, 28, 37",MCTS,1,0,ハズレ,0
2014-10-31,82,"01, 03, 16, 20, 25, 27, 34","18, 37",10,3000,0,-3000,ハズレ,0,0,"04, 05, 10, 18, 23, 24, 28",GRADE3,0,1,ハズレ,0,"04, 05, 10, 15, 23, 24, 28",GRADE3,0,0,ハズレ,0,"04, 05, 10, 15, 24, 28, 29",MCTS,0,0,ハズレ,0,"04, 07, 10, 15, 24, 28, 29",MCTS,0,0,ハズレ,0,"04, 05, 10, 15, 18, 24, 28",MCTS,0,1,ハズレ,0,"04, 10, 15, 18, 24, 28, 29",MCTS,0,1,ハズレ,0,"04, 10, 15, 24, 28, 29, 32",MCTS,0,0,ハズレ,0,"04, 07, 10, 18, 24, 28, 29",MCTS,0,1,ハズレ,0,"05, 10, 15, 18, 23, 24, 28",GRADE3,0,1,ハズレ,0,"04, 05, 10, 15, 18, 23, 28",GRADE3,0,1,ハズレ,0
2014-11-07,83,"01, 11, 21, 26, 28, 32, 35","18, 22",10,3000,1000,-2000,6等,3,1,"04, 05, 10, 23, 24, 27, 28",MCTS,1,0,ハズレ,0,"01, 10, 18, 24, 27, 28, 35",MONTECARLO,3,1,6等,1000,"02, 04, 15, 23, 27, 28, 32",MONTECARLO,2,0,ハズレ,0,"04, 15, 18, 24, 29, 35, 36",MONTECARLO,1,1,ハズレ,0,"10, 15, 18, 21, 34, 35, 36",MONTECARLO,2,1,ハズレ,0,"02, 03, 06, 13, 20, 21, 37",DIFFUSION,1,0,ハズレ,0,"02, 03, 05, 06, 17, 21, 36",DIFFUSION,1,0,ハズレ,0,"03, 07, 13, 20, 23, 29, 33",DIFFUSION,0,0,ハズレ,0,"05, 09, 12, 13, 19, 31, 33",DIFFUSION,0,0,ハズレ,0,"06, 12, 25, 26, 31, 33, 34",MULTI_AGENT_PPO,1,0,ハズレ,0
2014-11-14,84,"08, 16, 23, 28, 29, 35, 36","12, 37",10,3000,0,-3000,ハズレ,3,0,"01, 04, 10, 18, 21, 28, 35",MCTS,2,0,ハズレ,0,"10, 15, 21, 24, 27, 28, 35",MONTECARLO,2,0,ハズレ,0,"01, 05, 18, 23, 24, 28, 36",MULTI_AGENT_PPO,3,0,ハズレ,0,"01, 04, 18, 23, 24, 34, 35",MONTECARLO,2,0,ハズレ,0,"04, 05, 10, 15, 19, 23, 36",MONTECARLO,2,0,ハズレ,0,"02, 11, 17, 20, 31, 33, 34",MULTI_AGENT_PPO,0,0,ハズレ,0,"02, 13, 15, 16, 22, 29, 32",DIFFUSION,2,0,ハズレ,0,"08, 12, 17, 29, 30, 32, 33",MULTI_AGENT_PPO,2,1,ハズレ,0,"06, 14, 17, 22, 29, 30, 36",MULTI_AGENT_PPO,2,0,ハズレ,0,"06, 08, 12, 30, 31, 34, 37",DIFFUSION,1,2,ハズレ,0
2014-11-21,85,"06, 07, 10, 11, 22, 26, 35","14, 23",10,3000,0,-3000,ハズレ,2,0,"01, 10, 18, 21, 23, 28, 35",MCTS,2,1,ハズレ,0,"01, 04, 10, 18, 23, 28, 35",MCTS,2,1,ハズレ,0,"01, 10, 16, 18, 23, 28, 35",MCTS,2,1,ハズレ,0,"01, 10, 18, 23, 28, 29, 35",MCTS,2,1,ハズレ,0,"01, 04, 10, 23, 24, 28, 35",MCTS,2,1,ハズレ,0,"01, 04, 23, 24, 28, 29, 35",GRADE3,1,1,ハズレ,0,"01, 04, 10, 16, 23, 28, 35",MCTS,2,1,ハズレ,0,"04, 10, 23, 24, 28, 29, 35",GRADE3,2,1,ハズレ,0,"01, 04, 10, 23, 28, 29, 35",GRADE3,2,1,ハズレ,0,"01, 10, 23, 24, 28, 29, 35",GRADE3,2,1,ハズレ,0
2014-11-28,86,"03, 10, 20, 21, 22, 26, 30","24, 35",10,3000,0,-3000,ハズレ,2,0,"01, 10, 18, 23, 24, 28, 35",MCTS,1,2,ハズレ,0,"01, 04, 10, 15, 28, 29, 35",MONTECARLO,1,1,ハズレ,0,"04, 05, 10, 18, 21, 24, 28",MONTECARLO,2,1,ハズレ,0,"01, 05, 16, 24, 29, 35, 36",MONTECARLO,0,2,ハズレ,0,"05, 16, 18, 21, 23, 29, 36",MONTECARLO,1,0,ハズレ,0,"02, 04, 08, 15, 16, 17, 30",MULTI_AGENT_PPO,1,0,ハズレ,0,"06, 11, 14, 17, 20, 31, 32",MULTI_AGENT_PPO,1,0,ハズレ,0,"06, 08, 22, 25, 26, 31, 32",DIFFUSION,2,0,ハズレ,0,"09, 11, 19, 23, 25, 32, 37",DIFFUSION,0,0,ハズレ,0,"12, 14, 17, 19, 21, 26, 27",DIFFUSION,2,0,ハズレ,0
2014-12-05,87,"08, 09, 12, 18, 20, 28, 31","13, 15",10,3000,0,-3000,ハズレ,1,0,"04, 10, 21, 23, 26, 28, 35",MCTS,1,0,ハズレ,0,"01, 04, 10, 21, 23, 28, 35",MCTS,1,0,ハズレ,0,"01, 04, 10, 23, 26, 28, 35",MCTS,1,0,ハズレ,0,"01, 10, 21, 23, 28, 29, 35",MCTS,1,0,ハズレ,0,"10, 11, 16, 21, 23, 28, 35",MCTS,1,0,ハズレ,0,"01, 04, 10, 16, 23, 28, 35",MCTS,1,0,ハズレ,0,"04, 10, 21, 23, 28, 29, 35",MCTS,1,0,ハズレ,0,"04, 10, 16, 21, 23, 28, 35",MCTS,1,0,ハズレ,0,"01, 04, 10, 23, 28, 29, 35",MCTS,1,0,ハズレ,0,"01, 04, 10, 21, 28, 29, 35",GRADE3,1,0,ハズレ,0
2014-12-12,88,"03, 04, 10, 14, 25, 29, 30","18, 19",10,3000,1400,-1600,5等,4,1,"04, 10, 21, 23, 26, 28, 35",MCTS,2,0,ハズレ,0,"01, 03, 18, 20, 21, 28, 35",MONTECARLO,1,1,ハズレ,0,"01, 10, 11, 20, 28, 29, 35",MULTI_AGENT_PPO,2,0,ハズレ,0,"01, 04, 05, 16, 20, 29, 36",MONTECARLO,2,0,ハズレ,0,"05, 08, 10, 13, 21, 24, 31",MONTECARLO,1,0,ハズレ,0,"03, 04, 16, 23, 29, 30, 31",MONTECARLO,4,0,5等,1400,"05, 14, 15, 16, 22, 23, 24",DIFFUSION,1,0,ハズレ,0,"08, 12, 17, 18, 19, 24, 36",MULTI_AGENT_PPO,0,2,ハズレ,0,"03, 11, 26, 30, 31, 33, 36",MONTECARLO,2,0,ハズレ,0,"11, 14, 15, 17, 18, 33, 34",MULTI_AGENT_PPO,1,1,ハズレ,0
2014-12-19,89,"01, 03, 11, 26, 28, 34, 36","17, 20",10,3000,1000,-2000,6等,3,1,"01, 03, 10, 18, 21, 28, 35",MCTS,3,0,ハズレ,0,"03, 10, 18, 20, 21, 28, 35",MONTECARLO,2,1,ハズレ,0,"01, 03, 10, 20, 21, 28, 35",MONTECARLO,3,1,6等,1000,"03, 10, 18, 21, 28, 29, 35",MCTS,2,0,ハズレ,0,"03, 04, 10, 18, 21, 28, 35",MCTS,2,0,ハズレ,0,"03, 04, 10, 18, 23, 28, 35",MCTS,2,0,ハズレ,0,"03, 10, 18, 23, 28, 29, 35",MCTS,2,0,ハズレ,0,"03, 04, 10, 18, 28, 29, 35",MCTS,2,0,ハズレ,0,"03, 04, 10, 21, 28, 29, 35",GRADE3,2,0,ハズレ,0,"04, 10, 18, 21, 28, 29, 35",MCTS,1,0,ハズレ,0
2014-12-26,90,"02, 08, 09, 13, 14, 18, 37","11, 25",10,3000,0,-3000,ハズレ,1,0,"01, 03, 10, 26, 28, 29, 35",GRADE3,0,0,ハズレ,0,"01, 03, 04, 10, 26, 28, 35",GRADE3,0,0,ハズレ,0,"01, 03, 10, 18, 20, 26, 28",MONTECARLO,1,0,ハズレ,0,"01, 03, 04, 10, 28, 29, 35",MCTS,0,0,ハズレ,0,"01, 03, 04, 10, 28, 30, 35",MCTS,0,0,ハズレ,0,"03, 04, 10, 26, 28, 29, 35",MCTS,0,0,ハズレ,0,"03, 04, 10, 28, 29, 30, 35",MCTS,0,0,ハズレ,0,"01, 03, 04, 10, 21, 28, 35",MCTS,0,0,ハズレ,0,"03, 04, 10, 28, 29, 35, 36",MCTS,0,0,ハズレ,0,"03, 04, 10, 21, 28, 29, 35",MCTS,0,0,ハズレ,0
2015-01-09,91,"01, 05, 07, 14, 15, 25, 35","18, 24",10,3000,0,-3000,ハズレ,2,0,"01, 03, 10, 18, 26, 28, 35",MCTS,2,1,ハズレ,0,"01, 03, 10, 18, 20, 28, 35",MCTS,2,1,ハズレ,0,"01, 03, 10, 20, 26, 28, 35",MONTECARLO,2,0,ハズレ,0,"01, 03, 04, 10, 18, 28, 35",MCTS,2,1,ハズレ,0,"01, 03, 04, 10, 26, 28, 35",GRADE3,2,0,ハズレ,0,"03, 10, 18, 20, 26, 28, 35",MCTS,1,1,ハズレ,0,"03, 10, 11, 18, 20, 28, 35",MCTS,1,1,ハズレ,0,"03, 04, 10, 18, 26, 28, 35",MCTS,1,1,ハズレ,0,"03, 10, 18, 20, 28, 29, 35",MCTS,1,1,ハズレ,0,"01, 03, 04, 10, 18, 26, 28",GRADE3,1,1,ハズレ,0
2015-01-16,92,"04, 05, 15, 25, 26, 29, 32","11, 27",10,3000,0,-3000,ハズレ,3,0,"01, 03, 10, 11, 26, 28, 35",MCTS,1,1,ハズレ,0,"01, 10, 14, 21, 25, 28, 35",MONTECARLO,1,0,ハズレ,0,"01, 11, 18, 28, 29, 35, 36",MONTECARLO,1,1,ハズレ,0,"10, 11, 20, 21, 26, 29, 36",DIFFUSION,2,1,ハズレ,0,"03, 08, 14, 15, 18, 25, 29",MONTECARLO,3,0,ハズレ,0,"03, 04, 07, 08, 25, 30, 36",MONTECARLO,2,0,ハズレ,0,"02, 05, 09, 21, 23, 27, 30",MULTI_AGENT_PPO,1,1,ハズレ,0,"07, 12, 14, 15, 19, 32, 34",DIFFUSION,2,0,ハズレ,0,"04, 06, 09, 17, 23, 27, 30",MULTI_AGENT_PPO,1,1,ハズレ,0,"04, 06, 08, 15, 22, 31, 34",DIFFUSION,2,0,ハズレ,0
2015-01-23,93,"02, 05, 11, 14, 17, 30, 32","31, 37",10,3000,0,-3000,ハズレ,1,0,"01, 03, 10, 25, 26, 28, 35",GRADE3,0,0,ハズレ,0,"01, 03, 04, 10, 26, 28, 35",MCTS,0,0,ハズレ,0,"01, 10, 11, 26, 28, 35, 36",MONTECARLO,1,0,ハズレ,0,"03, 04, 10, 25, 26, 28, 35",MCTS,0,0,ハズレ,0,"01, 03, 10, 25, 28, 29, 35",MCTS,0,0,ハズレ,0,"03, 04, 10, 25, 28, 29, 35",MCTS,0,0,ハズレ,0,"01, 03, 04, 10, 25, 26, 28",GRADE3,0,0,ハズレ,0,"01, 03, 10, 18, 28, 35, 36",MONTECARLO,0,0,ハズレ,0,"01, 03, 04, 10, 25, 28, 35",MCTS,0,0,ハズレ,0,"01, 03, 04, 25, 26, 28, 35",GRADE3,0,0,ハズレ,0
2015-01-30,94,"13, 19, 20, 27, 28, 29, 30","26, 36",10,3000,0,-3000,ハズレ,1,0,"01, 03, 05, 10, 11, 28, 35",MCTS,1,0,ハズレ,0,"01, 05, 10, 14, 26, 28, 35",GRADE3,1,1,ハズレ,0,"01, 03, 11, 15, 26, 28, 35",DIFFUSION,1,1,ハズレ,0,"05, 10, 14, 25, 26, 28, 35",MCTS,1,1,ハズレ,0,"04, 05, 10, 14, 25, 28, 35",MCTS,1,0,ハズレ,0,"01, 04, 05, 10, 14, 28, 35",MCTS,1,0,ハズレ,0,"01, 04, 05, 15, 25, 29, 35",MONTECARLO,1,0,ハズレ,0,"04, 05, 15, 26, 29, 32, 36",MONTECARLO,1,2,ハズレ,0,"01, 03, 04, 10, 14, 28, 35",MCTS,1,0,ハズレ,0,"04, 05, 10, 11, 26, 28, 35",MCTS,1,1,ハズレ,0
2015-02-06,95,"01, 08, 13, 14, 18, 30, 34","26, 36",10,3000,0,-3000,ハズレ,2,0,"03, 04, 14, 25, 28, 29, 30",MONTECARLO,2,0,ハズレ,0,"04, 10, 25, 26, 28, 30, 32",MONTECARLO,1,1,ハズレ,0,"04, 05, 10, 25, 28, 29, 35",MCTS,0,0,ハズレ,0,"04, 05, 10, 26, 28, 29, 30",GRADE3,1,1,ハズレ,0,"01, 03, 04, 28, 29, 30, 35",MONTECARLO,2,0,ハズレ,0,"01, 05, 10, 26, 28, 29, 35",MCTS,1,1,ハズレ,0,"01, 05, 10, 25, 28, 29, 35",MCTS,1,0,ハズレ,0,"01, 03, 11, 24, 26, 28, 35",MONTECARLO,1,1,ハズレ,0,"04, 05, 10, 28, 29, 30, 35",MCTS,1,0,ハズレ,0,"04, 10, 14, 28, 29, 30, 35",MCTS,2,0,ハズレ,0
2015-02-13,96,"09, 11, 14, 21, 22, 23, 24","10, 36",10,3000,0,-3000,ハズレ,1,0,"01, 05, 10, 14, 28, 30, 35",GRADE3,1,1,ハズレ,0,"01, 05, 14, 18, 28, 29, 30",MCTS,1,0,ハズレ,0,"01, 05, 10, 14, 28, 29, 30",MCTS,1,1,ハズレ,0,"01, 04, 10, 14, 28, 29, 30",MCTS,1,1,ハズレ,0,"01, 04, 05, 14, 28, 29, 30",MCTS,1,0,ハズレ,0,"04, 10, 14, 15, 25, 28, 29",DIFFUSION,1,1,ハズレ,0,"01, 10, 14, 28, 29, 30, 35",MCTS,1,1,ハズレ,0,"01, 05, 14, 28, 29, 30, 35",MCTS,1,0,ハズレ,0,"01, 05, 10, 14, 28, 29, 35",GRADE3,1,1,ハズレ,0,"01, 03, 04, 28, 29, 30, 34",MONTECARLO,0,0,ハズレ,0
2015-02-20,97,"07, 13, 14, 16, 22, 24, 35","01, 29",10,3000,0,-3000,ハズレ,3,0,"01, 11, 13, 14, 28, 29, 30",MCTS,2,2,ハズレ,0,"01, 03, 11, 26, 28, 29, 34",MONTECARLO,0,2,ハズレ,0,"01, 03, 11, 14, 18, 30, 34",MONTECARLO,1,1,ハズレ,0,"03, 04, 05, 10, 28, 29, 30",MONTECARLO,0,1,ハズレ,0,"05, 10, 21, 22, 26, 32, 34",DIFFUSION,1,0,ハズレ,0,"04, 08, 09, 13, 14, 17, 36",DIFFUSION,2,0,ハズレ,0,"04, 05, 08, 17, 18, 25, 35",MULTI_AGENT_PPO,1,0,ハズレ,0,"07, 10, 13, 15, 18, 26, 31",MONTECARLO,2,0,ハズレ,0,"07, 08, 16, 21, 23, 24, 36",MULTI_AGENT_PPO,3,0,ハズレ,0,"02, 06, 16, 22, 32, 35, 36",MULTI_AGENT_PPO,3,0,ハズレ,0
2015-02-27,98,"03, 09, 11, 13, 19, 25, 33","10, 30",10,3000,0,-3000,ハズレ,2,0,"01, 08, 13, 14, 18, 28, 30",MCTS,1,1,ハズレ,0,"01, 11, 13, 14, 18, 28, 30",DIFFUSION,2,1,ハズレ,0,"01, 13, 14, 18, 28, 30, 35",MCTS,1,1,ハズレ,0,"01, 11, 13, 14, 28, 30, 35",MCTS,2,1,ハズレ,0,"01, 11, 14, 18, 28, 30, 35",MCTS,1,1,ハズレ,0,"01, 10, 13, 14, 28, 30, 35",MCTS,1,2,ハズレ,0,"01, 13, 14, 18, 28, 29, 30",MCTS,1,1,ハズレ,0,"01, 10, 14, 18, 28, 30, 35",MCTS,0,2,ハズレ,0,"01, 05, 11, 13, 14, 28, 30",MULTI_AGENT_PPO,2,1,ハズレ,0,"01, 13, 14, 28, 29, 30, 35",MCTS,1,1,ハズレ,0
2015-03-06,99,"13, 17, 22, 24, 27, 28, 35","11, 19",10,3000,4000,1000,6等,3,4,"01, 11, 13, 14, 28, 30, 35",MCTS,3,1,6等,1000,"01, 11, 13, 14, 18, 28, 35",MCTS,3,1,6等,1000,"01, 13, 14, 18, 28, 30, 35",MCTS,3,0,ハズレ,0,"01, 11, 13, 14, 28, 29, 30",MCTS,2,1,ハズレ,0,"01, 11, 13, 14, 25, 28, 35",MCTS,3,1,6等,1000,"01, 05, 13, 14, 18, 30, 34",MONTECARLO,1,0,ハズレ,0,"01, 11, 14, 18, 28, 30, 35",MCTS,2,1,ハズレ,0,"01, 11, 13, 14, 28, 29, 35",MCTS,3,1,6等,1000,"01, 09, 11, 13, 14, 28, 30",MCTS,2,1,ハズレ,0,"01, 13, 14, 28, 29, 30, 35",MCTS,3,0,ハズレ,0
2015-03-13,100,"01, 02, 11, 16, 25, 35, 36","09, 14",10,3000,4000,1000,6等,3,4,"01, 11, 13, 14, 24, 28, 35",MCTS,3,1,6等,1000,"09, 11, 13, 14, 24, 28, 35",MCTS,2,2,ハズレ,0,"01, 13, 14, 24, 28, 30, 35",MCTS,2,1,ハズレ,0,"01, 11, 13, 14, 28, 30, 35",MCTS,3,1,6等,1000,"11, 13, 14, 24, 28, 30, 35",MCTS,2,1,ハズレ,0,"03, 11, 13, 14, 24, 28, 35",MCTS,2,1,ハズレ,0,"01, 10, 11, 13, 14, 28, 35",MCTS,3,1,6等,1000,"01, 11, 13, 14, 24, 28, 30",GRADE3,2,1,ハズレ,0,"01, 11, 13, 14, 24, 30, 35",GRADE3,3,1,6等,1000,"01, 11, 13, 24, 28, 30, 35",GRADE3,3,0,ハズレ,0
2015-03-20,101,"11, 12, 21, 23, 28, 36, 37","03, 16",10,3000,0,-3000,ハズレ,2,0,"01, 11, 13, 14, 24, 28, 35",MCTS,2,0,ハズレ,0,"01, 11, 13, 14, 25, 28, 35",MCTS,2,0,ハズレ,0,"01, 11, 13, 14, 28, 30, 35",MCTS,2,0,ハズレ,0,"01, 11, 13, 14, 18, 28, 35",MCTS,2,0,ハズレ,0,"01, 11, 13, 24, 25, 28, 35",GRADE3,2,0,ハズレ,0,"01, 11, 13, 25, 28, 30, 35",MCTS,2,0,ハズレ,0,"01, 11, 14, 24, 25, 28, 35",GRADE3,2,0,ハズレ,0,"01, 13, 14, 24, 28, 30, 35",MCTS,1,0,ハズレ,0,"01, 11, 13, 14, 24, 25, 35",GRADE3,1,0,ハズレ,0,"11, 13, 14, 24, 25, 28, 35",GRADE3,2,0,ハズレ,0
